time,x,y,p_value
5.666666666666667,903,286,0.0025777353439480066
6.133333333333334,1190,597,0.01686648093163967
7.833333333333333,1138,704,1.59889133044544e-08
7.833333333333333,1139,704,7.2061541410099854e-34
7.833333333333333,1138,705,0.055737435817718506
7.833333333333333,1139,705,2.4229115069829277e-07
7.933333333333334,338,443,3.871194209636997e-08
7.933333333333334,338,444,7.274446147675917e-07
9.233333333333333,323,440,5.401165381613282e-08
12.166666666666666,163,651,0.20365998148918152
13.966666666666667,477,22,0.020033275708556175
16.7,726,469,3.690868197736563e-07
17.333333333333332,393,647,0.0010990960290655494
17.333333333333332,394,647,1.7285672981870448e-07
17.333333333333332,395,647,0.007793520577251911
17.833333333333332,703,393,7.254071192619449e-07
18.433333333333334,649,173,0.007004993502050638
19.333333333333332,393,645,1.580273476520233e-07
19.333333333333332,394,645,5.813996234661385e-32
23.2,1097,163,8.893912308849394e-05
23.2,1098,163,9.633901485003103e-32
23.2,1097,164,1.0975600157582505e-31
23.2,1098,164,4.05258404612141e-08
23.366666666666667,569,325,0.043437402695417404
24.766666666666666,1257,683,0.016995370388031006
27.3,1218,121,0.04854306951165199
28.233333333333334,1138,200,0.06993792951107025
28.366666666666667,396,646,1.521569537032974e-08
28.366666666666667,396,647,1.5784502593874095e-08
28.4,395,646,2.4440603851871856e-07
28.4,396,646,2.3883897637411167e-10
28.4,395,647,4.053338216181146e-06
28.4,396,647,2.9700787607112034e-08
28.433333333333334,395,647,0.0019055960001423955
28.433333333333334,396,647,3.0030822273374724e-09
28.533333333333335,96,131,0.11158699542284012
29.033333333333335,252,251,0.0005464801797643304
29.033333333333335,253,251,0.07866394519805908
29.033333333333335,254,251,0.0007444189395755529
29.033333333333335,252,252,4.203634773602971e-07
29.033333333333335,253,252,5.304704941977434e-08
29.033333333333335,254,252,2.2483650496951668e-08
29.033333333333335,251,253,0.06416773796081543
29.033333333333335,252,253,0.0002969382330775261
29.033333333333335,253,253,8.097550221464189e-07
29.033333333333335,254,253,4.166394435387836e-31
29.033333333333335,256,256,9.268296881021654e-32
29.033333333333335,256,257,0.0009472934762015939
29.066666666666666,254,252,0.0001294819376198575
29.066666666666666,255,252,1.4842295570360875e-07
29.066666666666666,254,253,0.00012269514263607562
29.066666666666666,255,253,0.0001860443881014362
29.1,258,252,1.0601362669671044e-11
29.1,258,253,7.741116367078828e-32
29.1,262,257,0.0001868217223091051
29.133333333333333,258,251,0.0410517193377018
29.133333333333333,259,251,0.00038062300882302225
29.133333333333333,260,251,0.01648285612463951
29.133333333333333,258,252,7.224405101924347e-11
29.133333333333333,259,252,2.082513539392039e-08
29.133333333333333,260,252,1.46467715733678e-09
29.133333333333333,258,253,3.522781639730965e-07
29.133333333333333,259,253,3.3424223033762246e-07
29.133333333333333,260,253,1.4358097359945532e-05
29.166666666666668,259,251,2.9011761171204853e-07
29.166666666666668,260,251,1.4107833123944147e-07
29.166666666666668,261,251,0.0014196548145264387
29.166666666666668,259,252,0.033702004700899124
29.166666666666668,260,252,9.574695361035237e-32
29.166666666666668,261,252,3.044886761927046e-05
29.166666666666668,262,252,0.0
29.2,266,255,0.1617746353149414
29.233333333333334,266,251,0.3379036486148834
29.233333333333334,264,253,0.00042002327973023057
29.233333333333334,266,253,0.0004070696886628866
29.266666666666666,267,252,0.0020415529143065214
29.266666666666666,265,253,0.10284982621669769
29.266666666666666,266,253,1.3175221158948507e-38
29.266666666666666,267,253,2.0605619641123063e-11
29.266666666666666,268,253,5.061691012997471e-07
29.266666666666666,269,253,0.06754448264837265
29.266666666666666,269,257,0.07919330894947052
29.266666666666666,270,257,2.739082276548288e-07
29.266666666666666,292,485,0.001893748645670712
29.3,267,252,4.236122526839348e-32
29.3,266,253,2.6588550343109996e-34
29.3,267,253,9.358789299085402e-09
29.3,268,253,0.0001672297075856477
29.3,269,253,2.2224725532149492e-11
29.3,266,254,4.152981603056105e-07
29.3,267,254,6.137085506452422e-08
29.3,268,254,1.5097019968379755e-05
29.3,269,254,5.093931873534352e-11
29.333333333333332,271,252,0.031153293326497078
29.333333333333332,271,253,2.6340654102341432e-08
29.333333333333332,271,254,2.18361898007835e-10
29.366666666666667,272,254,4.527601049630903e-05
29.433333333333334,277,252,1.6766509247645445e-07
29.433333333333334,275,253,0.0020756118465214968
29.433333333333334,276,253,2.2980262315286382e-07
29.433333333333334,275,254,7.808992710280072e-13
29.433333333333334,279,258,0.009892520494759083
29.433333333333334,280,258,3.1305745551435393e-07
29.433333333333334,280,259,5.018367585284723e-32
29.466666666666665,278,253,0.0008868904551491141
29.466666666666665,279,253,1.2772295077545988e-31
29.466666666666665,278,254,1.2967050224688137e-06
29.466666666666665,279,254,3.7561072474545654e-08
29.5,280,252,0.004004238173365593
29.5,281,252,1.975564555323217e-05
29.5,278,253,0.0008499087416566908
29.5,279,253,0.00017339557234663516
29.5,280,253,1.986464048808756e-10
29.5,281,253,1.2293217110936894e-08
29.5,282,253,0.00010449011460877955
29.5,279,254,4.205484324530081e-31
29.5,280,254,0.03225647285580635
29.5,281,254,1.0325429400381836e-07
29.5,282,254,1.1314849002724168e-31
29.5,283,255,4.157213697908446e-05
29.5,283,256,0.0008901939727365971
29.533333333333335,281,253,6.937688340258319e-06
29.533333333333335,282,253,1.2216270661724593e-08
29.533333333333335,282,254,5.743676751990279e-07
29.533333333333335,283,254,8.584239367337432e-06
29.566666666666666,285,252,1.793191484189549e-09
29.566666666666666,284,253,5.8291938330512494e-05
29.566666666666666,285,253,0.0002088807086693123
29.6,286,252,7.166721616158611e-07
29.6,285,253,0.030214941129088402
29.6,286,253,8.325550027166173e-08
29.6,287,253,3.5527955333236605e-07
29.6,285,254,0.0006209759740158916
29.6,286,254,5.220672158467998e-11
29.6,287,254,6.333796136459569e-07
29.6,287,255,0.0006053745746612549
29.6,289,255,0.027685977518558502
29.6,290,258,0.07877371460199356
29.633333333333333,287,254,1.2260868516023038e-06
29.633333333333333,288,254,1.6645219551876594e-35
29.633333333333333,289,254,0.00021240150090306997
29.633333333333333,287,255,8.365365147255943e-07
29.633333333333333,289,255,3.981976298862471e-31
29.666666666666668,291,253,8.074338779806567e-07
29.666666666666668,290,254,0.013606206513941288
29.666666666666668,291,254,4.661356101109959e-08
29.666666666666668,292,254,3.2733391734998674e-14
29.666666666666668,293,254,0.00024499589926563203
29.666666666666668,291,255,6.268297911820924e-33
29.666666666666668,292,255,2.9739888418589544e-07
29.666666666666668,293,255,0.018348723649978638
29.7,291,253,1.8637600351922856e-09
29.7,290,254,1.0775563907827745e-07
29.7,291,254,3.7024436294608165e-10
29.7,292,254,1.4956323866499588e-05
29.7,291,255,0.004775719717144966
29.7,292,255,2.450489056116112e-08
29.7,295,259,0.05073327571153641
29.733333333333334,292,254,7.685465978901629e-12
29.733333333333334,292,255,0.002153105102479458
29.766666666666666,295,253,2.431961002002936e-05
29.766666666666666,296,253,0.4284347593784332
29.766666666666666,297,253,0.0006901828455738723
29.766666666666666,294,254,4.178924791631289e-05
29.766666666666666,295,254,7.982335903378157e-10
29.766666666666666,296,254,6.593334954613575e-14
29.766666666666666,297,254,9.888336108809929e-36
29.766666666666666,299,254,2.1094248836561746e-07
29.766666666666666,299,255,0.0027942932210862637
29.8,297,253,0.004823246039450169
29.8,298,253,0.0067259990610182285
29.8,299,253,0.017926540225744247
29.8,297,254,0.0012347250012680888
29.8,298,254,7.539361846575341e-38
29.8,299,254,5.481674065777042e-07
29.8,300,254,6.990484336383147e-37
29.8,297,255,3.1754106149468886e-31
29.8,298,255,0.006535062566399574
29.8,299,255,2.0824021618182087e-08
29.8,300,255,0.0012087012873962522
29.8,301,257,0.00018155174620915204
29.8,301,258,0.5128422379493713
29.833333333333332,300,254,2.1072797608212568e-05
29.833333333333332,300,255,5.301162673276849e-05
29.866666666666667,300,254,0.0006280496018007398
29.866666666666667,301,254,2.5210244186684997e-34
29.866666666666667,302,254,0.0008360755746252835
29.866666666666667,300,255,5.785172407882612e-31
29.866666666666667,301,255,3.0912654526245264e-33
29.866666666666667,302,255,0.00011554381489986554
29.866666666666667,305,258,0.05717291310429573
29.9,305,254,1.8895775610872079e-06
29.9,306,254,3.6570428907367614e-09
29.9,305,255,0.001390766934491694
29.9,307,255,0.003427139949053526
29.933333333333334,307,253,7.242271365948127e-11
29.933333333333334,305,254,3.7040096684259893e-11
29.933333333333334,306,254,1.801902947684801e-32
29.933333333333334,307,254,0.012201393023133278
29.933333333333334,305,255,2.853616920519456e-31
29.933333333333334,307,255,0.009319357573986053
29.966666666666665,306,254,1.1049703971366398e-05
29.966666666666665,307,254,0.0027053351514041424
29.966666666666665,308,254,2.2079364498495124e-05
29.966666666666665,309,254,1.1671297534270269e-32
29.966666666666665,309,255,4.33722086023991e-11
30.0,308,254,0.025256050750613213
30.0,309,254,0.014511105604469776
30.0,310,254,0.07355959713459015
30.0,308,255,1.4368543525312903e-32
30.0,309,255,6.050146339475759e-07
30.0,310,255,1.9092015577490808e-33
30.0,308,256,0.46011626720428467
30.0,309,256,4.520419949815946e-32
30.0,310,256,5.032939398574854e-09
30.033333333333335,312,254,0.00019567138224374503
30.033333333333335,313,254,1.6432072369454431e-09
30.033333333333335,312,255,4.2340737567021505e-38
30.033333333333335,313,255,8.370555359960008e-10
30.033333333333335,312,256,0.00044821930350735784
30.033333333333335,313,256,0.00013229336764197797
30.1,318,258,0.007986480370163918
30.1,319,258,1.8930145984086266e-07
30.1,318,259,4.8798402780177195e-32
30.1,319,259,2.1320156751158947e-09
30.1,318,260,0.018900536000728607
30.133333333333333,318,254,2.9423839805531316e-05
30.133333333333333,317,255,3.0566509394702734e-06
30.133333333333333,318,255,2.604682833862171e-07
30.133333333333333,317,256,5.465231538437365e-07
30.133333333333333,318,256,4.652098262170057e-09
30.166666666666668,318,254,1.5123389207616356e-09
30.166666666666668,319,254,0.036757487803697586
30.166666666666668,320,254,0.0009895660914480686
30.166666666666668,318,255,1.1317863481963286e-06
30.166666666666668,319,255,3.890513345511382e-12
30.166666666666668,320,255,9.084414470672542e-11
30.166666666666668,318,256,1.9951066860812716e-06
30.166666666666668,319,256,1.370374889120285e-06
30.166666666666668,320,256,0.005767265800386667
30.2,321,254,0.040253426879644394
30.2,325,259,4.465965957933804e-06
30.233333333333334,324,254,0.00010775538976304233
30.233333333333334,324,255,8.358401319165376e-13
30.233333333333334,324,256,5.6133922043954954e-05
30.233333333333334,325,256,5.614275813897443e-35
30.233333333333334,326,259,0.00030534781399182975
30.233333333333334,326,260,1.8322605654930157e-08
30.233333333333334,326,261,0.021206872537732124
30.266666666666666,325,254,3.0174981020536507e-06
30.266666666666666,326,254,5.288444127060643e-10
30.266666666666666,324,255,1.7754492320776194e-10
30.266666666666666,325,255,1.5872365111135878e-07
30.266666666666666,326,255,2.0992945833525175e-35
30.266666666666666,324,256,0.020918406546115875
30.266666666666666,325,256,2.189303714855991e-32
30.266666666666666,326,256,7.249869107828211e-12
30.333333333333332,329,254,0.024532394483685493
30.333333333333332,328,255,3.38293773438636e-07
30.333333333333332,329,255,7.379648281347073e-11
30.366666666666667,331,255,4.147038907831302e-06
30.366666666666667,332,255,1.0998378456861246e-05
30.366666666666667,330,256,4.9572008720133454e-08
30.366666666666667,331,256,5.79028864418881e-33
30.366666666666667,332,256,6.127158876511584e-33
30.366666666666667,333,257,1.1756157647369037e-07
30.366666666666667,334,257,0.0032006893306970596
30.4,332,255,0.02537786029279232
30.4,332,256,0.00016581757517997175
30.4,333,256,8.776338766836034e-09
30.4,334,256,5.086410965304822e-06
30.433333333333334,336,258,0.04806527495384216
30.433333333333334,338,258,0.0007112788734957576
30.433333333333334,338,259,1.756434130584239e-06
30.433333333333334,338,260,0.1812538504600525
30.466666666666665,336,255,0.00011904626444447786
30.466666666666665,337,255,0.004946819506585598
30.466666666666665,338,255,1.1823354739703973e-08
30.466666666666665,337,256,1.6292629412937287e-32
30.466666666666665,338,256,0.00017625201144255698
30.466666666666665,339,256,7.752777840419062e-35
30.466666666666665,338,257,1.591788181389514e-32
30.466666666666665,340,257,0.05859682708978653
30.466666666666665,340,259,0.26158997416496277
30.533333333333335,344,260,1.9825247932203638e-07
30.633333333333333,347,253,0.001027302467264235
30.633333333333333,348,257,5.515446432902138e-10
30.633333333333333,350,260,9.461151506684473e-08
30.633333333333333,350,261,0.002432943554595113
30.633333333333333,351,261,3.8422011455673527e-32
30.666666666666668,347,253,0.047105565667152405
30.666666666666668,350,255,8.464838174404576e-05
30.666666666666668,349,256,6.109548280619492e-07
30.666666666666668,350,256,2.4956653019678945e-36
30.666666666666668,348,257,0.03367020562291145
30.666666666666668,349,257,0.029916267842054367
30.666666666666668,350,257,5.040702308178879e-05
30.666666666666668,351,257,3.489165862902155e-07
30.666666666666668,352,260,0.01760421320796013
30.733333333333334,353,256,3.107277330112079e-38
30.733333333333334,353,257,0.0030780672095716
30.733333333333334,354,257,1.023321785744794e-34
30.733333333333334,355,257,0.00013717595720663667
30.733333333333334,356,257,1.5083074345056957e-07
30.733333333333334,355,258,0.008754359558224678
30.733333333333334,356,258,0.0019781794399023056
30.733333333333334,356,259,0.020731747150421143
30.766666666666666,356,257,1.0135976259706414e-11
30.766666666666666,357,257,2.4116593522194307e-07
30.766666666666666,356,258,0.09029515832662582
30.766666666666666,357,258,0.028137629851698875
30.8,358,255,5.6623921551590684e-08
30.8,357,256,4.6157350164222066e-10
30.8,358,256,2.9543483833549544e-05
30.8,356,257,2.9214023015811108e-05
30.8,357,257,0.09752867370843887
30.8,358,257,1.8576032832629073e-40
30.8,357,258,4.98988653265865e-32
30.8,358,258,2.1015388540490676e-08
30.8,358,259,0.000136565460707061
30.833333333333332,358,256,7.869686669437215e-05
30.833333333333332,358,257,0.06389600038528442
30.833333333333332,359,257,1.619767688032514e-11
30.833333333333332,360,257,7.2281409686085675e-37
30.833333333333332,358,258,0.1333707720041275
30.833333333333332,359,258,2.828374817909207e-06
30.833333333333332,360,258,1.2190012775371817e-31
30.833333333333332,361,261,0.00022432250261772424
30.833333333333332,362,261,6.606242664020101e-07
30.833333333333332,363,261,0.00010364435001974925
30.866666666666667,358,257,1.870703566746674e-33
30.866666666666667,359,257,5.861160594499427e-32
30.866666666666667,360,257,3.966738493232924e-09
30.866666666666667,361,257,6.144985076339537e-10
30.866666666666667,362,257,8.691868398798524e-15
30.866666666666667,358,258,0.08222305029630661
30.866666666666667,359,258,1.0957703011627018e-07
30.866666666666667,360,258,1.523794068702955e-08
30.866666666666667,361,258,6.102944780650432e-07
30.866666666666667,362,258,0.0
30.866666666666667,363,258,3.941022175268927e-09
30.866666666666667,361,259,3.426182229304686e-05
30.866666666666667,362,259,1.250486320714117e-06
30.866666666666667,363,259,7.527138222940266e-05
30.9,361,257,2.2605676349485293e-05
30.9,362,257,5.886712252496827e-37
30.9,363,257,3.9352033566027335e-34
30.9,364,257,0.0
30.9,362,258,3.75031811535655e-33
30.9,363,258,0.011050580069422722
30.933333333333334,365,256,2.4496097466908395e-05
30.933333333333334,364,257,0.0009044302278198302
31.0,369,258,8.931923366617411e-05
31.033333333333335,371,256,0.0002827603602781892
31.033333333333335,369,257,1.3170718375477009e-05
31.033333333333335,370,257,8.278852269571904e-38
31.033333333333335,371,257,0.0017856174381449819
31.033333333333335,369,258,7.999555577953288e-07
31.033333333333335,370,258,0.0009504932095296681
31.033333333333335,371,258,2.488423689328556e-08
31.066666666666666,373,256,0.0016989220166578889
31.066666666666666,371,257,5.682866321876645e-05
31.066666666666666,372,257,1.7807026467714865e-36
31.066666666666666,373,257,2.1704956054691138e-08
31.066666666666666,372,258,3.1102458932993904e-13
31.066666666666666,373,258,0.010431837290525436
31.066666666666666,376,261,0.08838560432195663
31.1,375,257,9.089982655474671e-10
31.133333333333333,375,257,7.787099889355886e-07
31.133333333333333,376,257,4.4652148412762944e-33
31.133333333333333,377,257,1.9722189159576686e-11
31.133333333333333,375,258,0.008470180444419384
31.133333333333333,376,258,6.695260594824504e-07
31.133333333333333,377,258,1.3892264405512833e-07
31.133333333333333,377,259,3.137179737677798e-05
31.166666666666668,379,256,1.1480202033453679e-07
31.166666666666668,378,257,2.459360317645965e-32
31.166666666666668,379,257,1.9373173927306198e-06
31.166666666666668,380,257,2.5415617054686815e-35
31.166666666666668,379,258,0.00043486114009283483
31.2,379,257,6.408741683117114e-06
31.2,380,257,0.00022229892783798277
31.2,379,258,1.1063928440080417e-07
31.233333333333334,383,256,2.8034188304104646e-08
31.233333333333334,381,257,0.00039144037873484194
31.233333333333334,382,257,1.179996322875354e-09
31.233333333333334,383,257,5.362567026168108e-05
31.233333333333334,384,257,4.721067980995031e-10
31.233333333333334,383,258,1.043449174176203e-06
31.266666666666666,383,256,0.0006492107640951872
31.266666666666666,384,257,1.0792162186135101e-07
31.3,387,255,2.4001980958310298e-11
31.3,386,256,1.4376265426108148e-05
31.3,387,256,2.8456238965191005e-07
31.3,385,257,0.0004979774821549654
31.3,386,257,1.1515103892634215e-07
31.3,387,257,6.886474897271899e-12
31.3,385,258,4.2812655465240823e-07
31.3,386,258,1.3011825217290607e-07
31.3,388,259,0.06163834407925606
31.333333333333332,389,257,1.8779410928115265e-31
31.333333333333332,387,258,1.5407686078106053e-06
31.333333333333332,388,258,2.441044125589542e-05
31.333333333333332,389,258,2.2082357272852358e-31
31.333333333333332,387,259,1.9957782981805394e-08
31.333333333333332,388,259,1.6873912609198106e-34
31.366666666666667,389,257,3.8280897896036947e-10
31.366666666666667,390,257,0.042000241577625275
31.366666666666667,389,258,1.8988919237017399e-06
31.366666666666667,390,258,5.691765725401865e-09
31.366666666666667,391,258,3.2007821459956176e-07
31.366666666666667,390,259,0.0004115421907044947
31.366666666666667,391,259,1.6681232270018986e-31
31.366666666666667,392,259,1.3092478212684e-08
31.366666666666667,393,259,2.8669938111329434e-31
31.366666666666667,392,260,0.00539118517190218
31.366666666666667,393,260,0.004519726149737835
31.4,389,257,0.07116232812404633
31.4,390,257,4.1707471609697677e-07
31.4,391,257,1.0672159078239929e-05
31.4,392,257,1.0637716485462079e-08
31.4,393,257,0.009674771688878536
31.4,389,258,0.34212833642959595
31.4,390,258,3.097287617492839e-07
31.4,391,258,1.393970364915731e-06
31.4,393,258,3.9721989253393986e-08
31.4,394,258,1.1841261304823547e-10
31.4,390,259,8.494961321048322e-07
31.4,393,259,6.386773748090491e-05
31.4,394,259,1.4056236352644191e-07
31.433333333333334,393,257,5.248784145805985e-05
31.433333333333334,394,257,0.007472038734704256
31.433333333333334,393,258,9.416925422556233e-06
31.433333333333334,394,258,1.3048022494744815e-39
31.433333333333334,395,258,7.121348188877594e-14
31.433333333333334,394,259,8.236276549666854e-09
31.433333333333334,395,259,9.186390315107928e-09
31.466666666666665,395,257,1.68267533240396e-09
31.466666666666665,396,257,0.00013812558609060943
31.466666666666665,397,257,2.0959195978775824e-07
31.466666666666665,395,258,0.08340132981538773
31.466666666666665,396,258,3.2489844148386737e-12
31.466666666666665,397,258,5.906801198336809e-14
31.466666666666665,398,258,0.0006691839662380517
31.466666666666665,395,259,0.2845936715602875
31.466666666666665,396,259,3.5820062294078525e-07
31.466666666666665,397,259,1.0335715217024699e-07
31.466666666666665,941,329,0.002649009693413973
31.5,396,257,1.8586206351756118e-08
31.5,397,257,0.03375532850623131
31.5,398,257,5.573682938120328e-05
31.5,396,258,7.844381570976111e-07
31.5,397,258,1.835020135843024e-08
31.5,398,258,3.72927111413901e-09
31.5,397,259,0.006781622767448425
31.5,401,262,0.13102863729000092
31.533333333333335,400,257,0.527520477771759
31.533333333333335,401,257,2.191994086242488e-10
31.533333333333335,400,258,0.001070380792953074
31.533333333333335,401,258,1.1014624767824444e-09
31.533333333333335,402,258,9.439352511436683e-13
31.533333333333335,398,259,0.02464386634528637
31.533333333333335,401,259,1.7202044091391144e-06
31.533333333333335,402,259,5.939369135399275e-11
31.533333333333335,403,260,0.22520233690738678
31.533333333333335,403,262,0.000554812082555145
31.566666666666666,402,257,5.5896573030622676e-05
31.566666666666666,401,258,1.2300103257987697e-32
31.566666666666666,402,258,2.3339836843661033e-05
31.566666666666666,403,258,6.221701315754328e-33
31.566666666666666,401,259,0.06786870211362839
31.566666666666666,402,259,5.857003458727744e-32
31.566666666666666,403,259,1.681862045188609e-07
31.566666666666666,405,262,0.07633674889802933
31.6,401,258,3.668224337616266e-07
31.6,402,258,1.1983306649199221e-05
31.6,404,258,0.014599687419831753
31.6,401,259,3.155483443693917e-33
31.6,402,259,3.80259649546133e-07
31.6,404,259,0.0001627808960620314
31.6,406,262,0.11267232149839401
31.6,407,262,3.283417635002728e-11
31.6,407,263,9.218508817792576e-32
31.633333333333333,405,258,4.586984232446412e-06
31.633333333333333,406,258,1.0138333422817504e-34
31.633333333333333,405,259,9.406464052119645e-09
31.633333333333333,406,259,3.777898566897919e-12
31.633333333333333,406,260,5.793154400635103e-07
31.666666666666668,408,258,8.72830963061233e-09
31.666666666666668,408,259,8.115284444443205e-09
31.666666666666668,409,259,2.1040454711851453e-08
31.733333333333334,412,258,1.5451278147543866e-33
31.733333333333334,412,259,3.348140931169752e-10
31.733333333333334,414,263,0.00034731393679976463
31.766666666666666,412,257,0.0011600982397794724
31.766666666666666,413,257,0.01968488097190857
31.766666666666666,412,258,9.672790568515666e-09
31.766666666666666,413,258,1.1473247092068409e-36
31.766666666666666,414,258,0.0
31.766666666666666,411,259,0.10425911843776703
31.766666666666666,412,259,2.7426402767935294e-33
31.766666666666666,413,259,0.0001572274195495993
31.766666666666666,414,259,4.2351221054559574e-05
31.766666666666666,417,262,0.0005785941029898822
31.8,416,258,4.616461865225574e-06
31.833333333333332,418,258,7.505697396936739e-09
31.833333333333332,418,259,1.4784022554624018e-35
31.866666666666667,420,257,0.0003273999027442187
31.866666666666667,420,258,0.005153145641088486
31.866666666666667,421,258,1.7257588691421688e-09
31.866666666666667,422,259,1.4902661860105582e-05
31.9,422,257,1.0386811482021585e-05
31.9,420,258,0.0020144868176430464
31.9,421,258,3.046148186122699e-12
31.9,422,258,5.285586471243415e-34
31.9,422,259,0.03797077015042305
31.933333333333334,426,260,0.0044119288213551044
31.933333333333334,476,553,6.050919321154424e-09
31.933333333333334,476,554,0.1589689403772354
31.966666666666665,424,258,0.00013832740660291165
32.0,428,257,1.4851663081572042e-06
32.03333333333333,430,258,2.600386608264671e-07
32.03333333333333,428,259,0.006108645815402269
32.03333333333333,429,259,0.0032549926545470953
32.03333333333333,430,259,3.8296129694189387e-34
32.03333333333333,428,260,3.2771346525350964e-08
32.06666666666667,429,259,9.677811613073573e-05
32.06666666666667,430,259,1.079950240345795e-09
32.06666666666667,431,259,2.1837111034983536e-06
32.06666666666667,430,260,0.00031805215985514224
32.13333333333333,438,259,0.0005206058849580586
32.166666666666664,438,257,0.2714570164680481
32.166666666666664,437,258,0.006888716481626034
32.166666666666664,438,258,1.8555542169451655e-07
32.166666666666664,436,259,0.0001144384077633731
32.166666666666664,437,259,3.1034110747896193e-07
32.166666666666664,438,259,7.529902177338954e-07
32.166666666666664,436,260,6.368205504259095e-05
32.166666666666664,438,260,0.0004024962254334241
32.2,440,258,0.0002192076062783599
32.233333333333334,440,258,1.0040281267720275e-05
32.233333333333334,441,258,3.619812782851284e-12
32.266666666666666,444,259,2.0006453382848122e-08
32.266666666666666,444,260,3.101765719271121e-11
32.3,445,259,0.00011396703484933823
32.3,445,260,1.1009711670340039e-05
32.3,448,263,0.0030512893572449684
32.333333333333336,446,258,0.0003504902415443212
32.333333333333336,447,258,0.04949113726615906
32.333333333333336,445,259,0.0
32.333333333333336,446,259,8.379026361637898e-09
32.333333333333336,447,259,1.104702277017327e-36
32.333333333333336,448,259,1.360286283613732e-08
32.333333333333336,445,260,1.9066621916863369e-06
32.333333333333336,446,260,1.1770069769529256e-31
32.333333333333336,447,260,0.0022480126935988665
32.36666666666667,448,258,0.0007237853715196252
32.36666666666667,449,258,0.0007335357367992401
32.36666666666667,447,259,1.2605303174573823e-31
32.36666666666667,448,259,3.9403888485445293e-10
32.36666666666667,449,259,3.228271205912847e-09
32.36666666666667,447,260,8.066604434539384e-33
32.4,449,258,5.305186443643835e-32
32.4,450,258,0.03237064182758331
32.4,451,258,1.010107796017845e-12
32.4,448,259,0.002040382008999586
32.4,449,259,1.359987233939819e-09
32.4,450,259,2.015864595250605e-07
32.4,451,259,3.399320670733957e-15
32.4,452,259,4.7834317228989676e-05
32.4,449,260,0.001721290871500969
32.4,450,260,2.0889664190714792e-34
32.4,451,260,0.0006140908808447421
32.4,453,260,9.656574206928781e-08
32.4,453,261,0.06866840273141861
32.4,454,261,6.042444766762856e-08
32.43333333333333,451,259,1.7986106115586153e-07
32.43333333333333,452,259,0.00046640002983622253
32.43333333333333,453,260,6.696923571247737e-10
32.43333333333333,454,260,3.4108122690668097e-06
32.43333333333333,453,261,0.26690784096717834
32.46666666666667,452,258,0.010659094899892807
32.46666666666667,453,258,7.126809009605495e-07
32.46666666666667,454,258,0.1558978259563446
32.46666666666667,455,258,1.7242604144485085e-07
32.46666666666667,452,259,1.2294046339674092e-33
32.46666666666667,453,259,2.532534381316509e-05
32.46666666666667,454,259,8.488147614116315e-06
32.46666666666667,455,259,2.91748569747341e-12
32.46666666666667,456,259,9.258987354598958e-09
32.6,465,264,0.0005811532028019428
32.666666666666664,465,258,0.00026618133415468037
32.666666666666664,465,259,2.203339022344153e-08
32.666666666666664,465,260,0.0021425457671284676
32.7,468,258,4.2560546717140824e-05
32.7,469,258,0.0007096165791153908
32.7,468,259,1.867337857675011e-07
32.7,469,259,4.208801556160324e-07
32.7,468,260,0.0001251105422852561
32.7,469,260,5.326966590723045e-32
32.733333333333334,470,259,2.0661625967477448e-05
32.733333333333334,472,259,0.00015899506979621947
32.733333333333334,470,260,0.1588626503944397
32.733333333333334,472,260,0.0020694828126579523
32.733333333333334,473,264,0.03144509717822075
32.766666666666666,472,259,1.835395551097463e-07
32.766666666666666,473,259,5.96093912008655e-07
32.766666666666666,474,259,1.4669834482372164e-32
32.766666666666666,472,260,6.718824465679063e-07
32.766666666666666,473,260,2.1140428430044267e-07
32.766666666666666,474,260,2.9961995107186112e-09
32.766666666666666,475,260,0.001129313139244914
32.766666666666666,473,261,0.1250639110803604
32.766666666666666,474,261,0.0057296366430819035
32.8,472,258,0.014787176623940468
32.8,473,258,1.18382024183461e-08
32.8,474,258,0.00012776575749740005
32.8,472,259,9.720678255387138e-12
32.8,473,259,0.028784677386283875
32.8,412,568,0.12145527452230453
32.833333333333336,476,260,2.4213988581323065e-05
32.833333333333336,477,260,2.1598483726847917e-05
32.833333333333336,478,260,1.1366326901907087e-07
32.833333333333336,479,260,2.800076572384569e-06
32.833333333333336,477,261,9.917532679537544e-07
32.833333333333336,478,261,0.0034853583201766014
32.833333333333336,479,261,0.011876392178237438
32.833333333333336,477,262,6.837757027255975e-09
32.86666666666667,478,258,0.011703142896294594
32.86666666666667,478,259,2.4336961335080787e-09
32.86666666666667,479,259,1.943443708188534e-33
32.86666666666667,478,260,0.0002090377383865416
32.86666666666667,479,260,3.1728608629322252e-09
32.9,752,123,0.14752639830112457
32.9,480,258,2.4322773128915287e-08
32.9,481,258,5.306627372192452e-06
32.9,479,259,3.1234866784823665e-31
32.9,480,259,6.735768693033606e-05
32.9,481,259,4.1528700617243786e-11
32.9,480,260,4.49554281658493e-05
32.93333333333333,481,257,0.008798237890005112
32.93333333333333,480,258,0.0004589846357703209
32.93333333333333,481,258,7.184037253971098e-10
32.93333333333333,480,259,7.783899604874023e-07
32.93333333333333,481,259,7.316203891605255e-07
32.96666666666667,485,258,1.583061201126414e-33
32.96666666666667,483,259,0.02950090914964676
32.96666666666667,485,259,1.939102185133379e-05
32.96666666666667,483,260,2.252115755907081e-31
32.96666666666667,484,260,4.148937932768604e-06
32.96666666666667,485,260,4.5841696305615187e-07
33.0,487,258,7.793055374349933e-06
33.0,486,259,1.3886025953979697e-05
33.0,487,259,4.140606968405791e-09
33.0,488,259,4.95932690682821e-05
33.0,487,260,0.0
33.0,488,260,1.4776079932150053e-34
33.03333333333333,488,258,7.466190436389297e-05
33.03333333333333,489,258,2.772209763720067e-32
33.03333333333333,487,259,0.054555270820856094
33.03333333333333,488,259,7.943754098960198e-07
33.03333333333333,489,259,8.273414175974381e-10
33.03333333333333,490,259,4.921347651074517e-37
33.03333333333333,487,260,5.217126997081323e-08
33.03333333333333,488,260,2.1028330593253486e-05
33.03333333333333,489,260,7.71574650570983e-06
33.03333333333333,490,260,9.600740304449573e-05
33.06666666666667,490,259,0.0004901743377558887
33.06666666666667,491,259,0.0002376788470428437
33.06666666666667,489,260,7.770347385100726e-32
33.06666666666667,490,260,5.058635288435198e-09
33.06666666666667,491,260,6.649324495811015e-05
33.1,491,259,0.0034425717312842607
33.1,491,260,1.679755951045081e-05
33.1,493,260,4.745968618102836e-10
33.13333333333333,493,259,1.4748465218872298e-05
33.13333333333333,494,259,7.720360883922694e-08
33.13333333333333,495,259,7.709171720348057e-32
33.13333333333333,492,260,2.222890094216723e-09
33.13333333333333,493,260,5.776553848590993e-07
33.13333333333333,495,260,4.3367666080484923e-07
33.13333333333333,492,261,0.0004778833535965532
33.13333333333333,493,261,8.069286765711167e-32
33.13333333333333,495,261,0.005660845898091793
33.2,499,259,5.769843119196594e-05
33.2,498,260,2.7030933047456074e-10
33.2,499,260,4.752719958747546e-35
33.2,498,261,3.8982872485604503e-10
33.2,499,261,8.280450630726577e-11
33.2,498,262,7.129303867259296e-07
33.2,499,262,0.02750009298324585
33.2,500,262,0.047812920063734055
33.233333333333334,499,259,0.048155877739191055
33.233333333333334,500,259,3.8636333243857734e-08
33.233333333333334,498,260,0.02529161609709263
33.233333333333334,499,260,2.2019871785825143e-37
33.233333333333334,500,260,9.094562301470432e-06
33.233333333333334,501,260,3.8712607687068834e-38
33.233333333333334,498,261,2.7484124683348453e-32
33.233333333333334,499,261,2.8715579901472665e-05
33.233333333333334,500,261,3.214854302768799e-07
33.233333333333334,501,261,2.4829807543369498e-08
33.233333333333334,502,261,0.005721972789615393
33.233333333333334,498,262,0.02347651496529579
33.233333333333334,499,262,8.620459368557931e-08
33.233333333333334,500,262,0.0028842489700764418
33.266666666666666,502,259,8.40348590713802e-08
33.266666666666666,502,260,1.4238578094349919e-09
33.3,503,259,0.24641099572181702
33.3,504,259,0.008488277904689312
33.3,503,260,8.417144758965378e-10
33.3,504,260,1.528505173451454e-14
33.3,504,261,9.870718927908463e-32
33.3,505,261,2.069063157250639e-05
33.3,506,261,0.07772983610630035
33.3,506,262,5.91668310789828e-07
33.333333333333336,505,258,0.045142002403736115
33.333333333333336,503,259,0.047880612313747406
33.333333333333336,504,259,3.765034950475865e-09
33.333333333333336,505,259,1.4138448932499159e-05
33.333333333333336,506,259,4.8768207085369455e-34
33.333333333333336,503,260,6.814237849539495e-07
33.333333333333336,504,260,2.1826158445037436e-06
33.333333333333336,505,260,4.1419380636398273e-07
33.333333333333336,506,260,0.00026803911896422505
33.333333333333336,508,261,0.0022053669672459364
33.36666666666667,507,258,0.005174634512513876
33.36666666666667,506,259,0.00011327561514917761
33.36666666666667,507,259,7.613563752784103e-07
33.36666666666667,508,259,2.7972936322839814e-07
33.36666666666667,505,260,2.3651546499081633e-08
33.36666666666667,506,260,6.0611659137066454e-05
33.36666666666667,507,260,1.2941131721788679e-08
33.36666666666667,508,260,6.161582745758953e-13
33.36666666666667,508,261,6.927743378959406e-10
33.36666666666667,395,647,0.005460131447762251
33.4,509,260,0.08355528116226196
33.4,509,261,0.0004572824400383979
33.4,395,647,0.04633556306362152
33.4,396,647,8.071428965195082e-07
33.4,397,647,0.07440736144781113
33.43333333333333,395,647,0.0007243004511110485
33.43333333333333,396,647,3.3040615221580083e-07
33.43333333333333,397,647,0.05901286005973816
33.46666666666667,514,262,0.00015822891145944595
33.46666666666667,516,263,8.444079867331311e-06
33.46666666666667,517,264,2.9690680394107494e-32
33.46666666666667,517,265,1.2506086022767704e-05
33.5,516,260,0.010155645199120045
33.56666666666667,518,259,0.18330423533916473
33.56666666666667,519,259,0.13119785487651825
33.56666666666667,520,259,5.571222185354874e-35
33.56666666666667,518,260,2.4592777592147286e-08
33.56666666666667,519,260,4.76837158203125e-06
33.56666666666667,520,260,1.088235194401932e-06
33.56666666666667,518,261,2.081515049212612e-06
33.63333333333333,522,259,0.00015249122225213796
33.63333333333333,522,260,1.1279089449089952e-05
33.63333333333333,522,261,0.03215627744793892
33.7,526,259,0.004820459522306919
33.7,525,260,1.4633264378005606e-08
33.7,526,260,1.4677753460075727e-36
33.7,528,260,5.010942913941108e-05
33.733333333333334,529,260,2.8970040943931963e-07
33.733333333333334,530,260,4.6408612774939684e-07
33.733333333333334,529,261,2.4834581058286176e-09
33.733333333333334,530,261,1.1098794316537382e-31
33.766666666666666,532,256,1.3753888108717086e-31
33.766666666666666,532,257,7.2509167559076104e-09
33.766666666666666,530,260,2.137979606686713e-07
33.766666666666666,531,260,2.03228944783973e-09
33.766666666666666,530,261,0.002074725227430463
33.766666666666666,531,261,1.367990014328763e-31
33.8,533,261,0.012316303327679634
33.833333333333336,534,260,0.00010829356324393302
33.833333333333336,535,260,4.937924131809268e-07
33.833333333333336,534,261,6.574176314444458e-09
33.833333333333336,535,261,2.0989409676985815e-06
33.86666666666667,536,259,0.028750251978635788
33.86666666666667,536,260,1.2531837967344472e-07
33.86666666666667,538,260,2.271149949692724e-14
33.86666666666667,536,261,1.617156598443007e-33
33.86666666666667,537,261,4.330498626359258e-08
33.86666666666667,538,261,6.759152784272507e-35
33.9,538,259,0.00030077528208494186
33.9,539,259,2.3704501140833215e-36
33.9,540,259,3.418189464809984e-07
33.9,538,260,8.267228994130101e-33
33.9,539,260,1.453577027632491e-07
33.9,540,260,7.239254773594439e-05
33.9,538,261,0.04561976343393326
33.9,539,261,6.287560694318017e-08
33.93333333333333,540,259,0.007972260937094688
33.93333333333333,541,259,4.672099507274652e-08
33.93333333333333,540,260,1.8008840925480005e-34
34.03333333333333,547,259,0.01605447381734848
34.03333333333333,546,260,4.823270865017548e-05
34.03333333333333,547,260,4.382194607188694e-09
34.03333333333333,547,261,0.0022266716696321964
34.06666666666667,547,259,6.05701524093033e-13
34.06666666666667,548,259,0.02353021875023842
34.06666666666667,549,259,0.00020616600522771478
34.06666666666667,546,260,1.0132200593282776e-31
34.06666666666667,547,260,5.350707397155929e-06
34.06666666666667,548,260,1.3156106371697896e-35
34.06666666666667,549,260,0.00017858626961242408
34.06666666666667,547,261,1.5395435737395076e-34
34.06666666666667,548,261,1.1402133168303408e-05
34.06666666666667,549,261,5.166942984580203e-10
34.1,550,259,7.131534948712215e-05
34.1,551,259,2.8440000576779312e-08
34.1,549,260,1.1135458777289386e-08
34.1,550,260,3.12103702526656e-06
34.1,551,260,9.144677596398751e-39
34.1,550,261,2.8301091938714995e-12
34.1,551,261,1.2571440493047703e-06
34.13333333333333,552,259,2.145854159607552e-05
34.13333333333333,553,259,2.8141536745351914e-07
34.13333333333333,552,260,2.154504308293781e-08
34.13333333333333,553,260,1.2236880309046683e-07
34.13333333333333,554,260,1.1322358606236094e-09
34.13333333333333,552,261,9.651852459234511e-32
34.13333333333333,553,261,3.7960768043562e-32
34.13333333333333,554,261,5.1813945901812986e-05
34.13333333333333,553,262,0.05119195953011513
34.166666666666664,553,261,3.893012035405263e-06
34.166666666666664,554,261,0.000603946449700743
34.2,555,257,0.00011227463983232155
34.2,555,259,0.003425463568419218
34.2,556,259,8.248673566413345e-07
34.2,555,261,5.601282282441389e-08
34.2,556,261,1.3221426731213626e-10
34.233333333333334,558,260,0.014484000392258167
34.233333333333334,558,261,7.450144039466977e-05
34.266666666666666,559,259,1.0477363421301789e-09
34.266666666666666,560,259,2.9476723284460604e-09
34.266666666666666,561,259,5.69463840196549e-37
34.266666666666666,559,260,0.011172489263117313
34.266666666666666,560,260,0.0066240401938557625
34.266666666666666,561,260,2.738887450171035e-10
34.266666666666666,560,261,1.2852900965754088e-07
34.266666666666666,561,261,4.153048678290361e-07
34.36666666666667,565,260,0.0035975747741758823
34.36666666666667,566,260,5.522947432723413e-08
34.36666666666667,569,265,0.056329235434532166
34.4,567,260,0.00012039671855745837
34.46666666666667,571,260,8.159353326542163e-34
34.46666666666667,572,260,1.2461571733410538e-33
34.46666666666667,573,260,5.188312002246676e-07
34.46666666666667,572,261,4.704367256636033e-06
34.46666666666667,573,261,9.547526325093258e-09
34.56666666666667,577,259,0.04135064408183098
34.56666666666667,578,259,0.0004938122583553195
34.56666666666667,579,259,0.00042397918878123164
34.56666666666667,576,260,2.5976021333917743e-06
34.56666666666667,577,260,9.178250173769165e-12
34.56666666666667,578,260,6.463442486643775e-36
34.56666666666667,579,260,7.886676720183705e-36
34.56666666666667,577,261,0.04128892719745636
34.56666666666667,578,261,2.2199203640630762e-35
34.56666666666667,579,261,0.000514271785505116
34.6,580,259,0.005189821589738131
34.6,581,259,0.01348740141838789
34.6,582,259,6.405509367368722e-08
34.6,579,260,6.565207399944484e-08
34.6,580,260,5.877064144414135e-37
34.6,581,260,5.135428540747888e-12
34.6,579,261,4.624849623269256e-07
34.63333333333333,581,259,6.724646124645245e-33
34.63333333333333,582,259,7.3818799961600234e-09
34.63333333333333,581,260,0.02309533767402172
34.63333333333333,582,260,4.879785908684653e-09
34.63333333333333,583,260,2.540113655413734e-06
34.63333333333333,581,261,0.13985541462898254
34.63333333333333,582,261,0.06307866424322128
34.666666666666664,584,260,6.674532743354577e-32
34.666666666666664,585,260,5.410230983216024e-07
34.666666666666664,585,261,0.00014462355466093868
34.7,586,260,1.8277319213666487e-06
34.733333333333334,587,259,0.0723467618227005
34.733333333333334,588,259,3.0283219530247152e-05
34.733333333333334,589,259,0.07771643996238708
34.733333333333334,587,260,3.503196239762474e-07
34.733333333333334,588,260,2.337276483466155e-10
34.733333333333334,589,260,2.5325358860080267e-39
34.733333333333334,587,261,7.388733820334892e-07
34.733333333333334,588,261,0.00018285078112967312
34.733333333333334,591,264,2.8466592638665134e-08
34.766666666666666,588,259,6.283518382571039e-35
34.766666666666666,589,259,2.5097586769246005e-12
34.766666666666666,590,259,9.658715862315148e-05
34.766666666666666,588,260,8.724916551727802e-05
34.766666666666666,589,260,4.693408845923841e-05
34.766666666666666,590,260,9.38836990371783e-07
34.8,591,256,0.1563756763935089
34.8,591,257,0.0007023157668299973
34.8,592,257,1.4225384203925273e-09
34.8,589,258,4.417312993609812e-06
34.8,590,258,0.0760309025645256
34.8,591,258,2.747552571236156e-06
34.8,592,258,2.5228930553566897e-06
34.8,592,259,1.684672952251276e-07
34.8,592,260,0.0007333934190683067
34.8,594,260,0.03780285641551018
34.8,751,494,4.888230478172773e-07
34.8,751,495,0.02816755324602127
34.833333333333336,591,258,4.479818744584918e-05
34.833333333333336,592,258,9.516216280323355e-32
34.833333333333336,593,258,3.709022325382172e-11
34.833333333333336,594,258,0.0018111907411366701
34.833333333333336,592,259,2.1702122172306986e-32
34.833333333333336,593,259,4.374404306872748e-05
34.833333333333336,594,259,0.0005362231750041246
34.833333333333336,595,260,0.0002768563281279057
34.833333333333336,595,261,0.036139607429504395
34.833333333333336,596,262,5.599426344815583e-07
34.86666666666667,597,260,1.0724146477514296e-06
34.9,597,259,1.3043031932280513e-11
34.9,598,259,6.58112616052503e-13
34.9,599,259,4.797504480121559e-38
34.9,597,260,0.00029027776326984167
34.9,598,260,4.292896259121775e-32
34.9,599,260,0.0002091543865390122
34.93333333333333,596,258,0.04487008973956108
34.93333333333333,597,258,1.0639085445962593e-10
34.93333333333333,598,258,0.03329239785671234
35.0,602,259,3.1119302548177075e-06
35.0,603,259,0.00033809966407716274
35.0,604,259,6.844494477702796e-34
35.0,603,260,6.343940412989468e-07
35.0,604,260,2.464959152348456e-07
35.03333333333333,606,258,0.056949786841869354
35.03333333333333,605,259,0.00164982455316931
35.03333333333333,606,259,2.8224238235452503e-07
35.03333333333333,607,259,5.127172077080803e-33
35.03333333333333,605,260,0.0009542671032249928
35.03333333333333,606,260,2.03142162861647e-31
35.03333333333333,607,260,0.018790462985634804
35.03333333333333,608,260,1.4479466237116156e-10
35.03333333333333,604,261,0.0004818007000721991
35.03333333333333,605,261,9.750477758529996e-09
35.03333333333333,606,261,2.8826703783124685e-05
35.06666666666667,606,259,0.003088145051151514
35.06666666666667,607,259,1.2715376840333192e-07
35.06666666666667,608,259,1.0569443276153834e-07
35.06666666666667,609,259,1.8417268821124821e-09
35.06666666666667,606,260,0.00018536114657763392
35.06666666666667,607,260,2.61785589438718e-32
35.06666666666667,608,260,5.5735811521628875e-09
35.06666666666667,609,260,9.143881385398345e-08
35.1,608,258,9.566119842929766e-07
35.1,607,259,3.437258655480946e-08
35.1,608,259,1.4212455212714303e-08
35.1,609,259,0.00043479332816787064
35.1,610,259,2.9229100381943674e-35
35.1,607,260,0.0004937589983455837
35.1,608,260,0.016676371917128563
35.13333333333333,611,258,0.0211165864020586
35.13333333333333,609,259,8.999226338346489e-06
35.13333333333333,610,259,2.119183939441882e-09
35.13333333333333,611,259,1.487488020757155e-06
35.13333333333333,612,259,1.5287515177375699e-12
35.2,616,259,0.00013962814409751445
35.2,616,260,6.988597647250572e-07
35.233333333333334,618,258,0.025157654657959938
35.233333333333334,616,259,1.3606829063451815e-31
35.233333333333334,617,259,1.6972132144132956e-08
35.233333333333334,618,259,5.337624315870926e-06
35.233333333333334,616,260,6.0652796491922345e-06
35.233333333333334,618,260,0.0012350294273346663
35.233333333333334,620,261,0.0001017061949823983
35.233333333333334,621,264,0.015963084995746613
35.233333333333334,621,265,2.8783122348139884e-32
35.266666666666666,618,258,0.0030540288425982
35.266666666666666,617,259,7.727756212716486e-08
35.266666666666666,618,259,2.2161124931668885e-13
35.266666666666666,619,259,3.2504631235497072e-06
35.266666666666666,617,260,1.8566044701628925e-08
35.266666666666666,618,260,2.6224095563520677e-05
35.3,625,263,1.7091988935291624e-10
35.3,624,264,0.01197873242199421
35.333333333333336,622,259,0.00020760571351274848
35.333333333333336,624,259,7.387532605207525e-06
35.333333333333336,624,260,0.004525965545326471
35.36666666666667,625,259,0.015442006289958954
35.36666666666667,626,259,1.864841215137858e-05
35.36666666666667,626,260,1.566071858860596e-07
35.36666666666667,628,264,8.932915989134926e-06
35.4,627,259,8.370547988079124e-08
35.4,627,260,2.0511345510954015e-08
35.4,630,262,0.006329972296953201
35.4,630,263,5.98207293478481e-07
35.4,631,263,3.4967206374858506e-07
35.4,630,264,0.049559589475393295
35.4,631,264,9.410364005855166e-34
35.43333333333333,628,259,0.09676967561244965
35.43333333333333,629,259,8.711798926697156e-08
35.43333333333333,630,259,8.036094507362384e-36
35.43333333333333,628,260,1.5198866890454085e-31
35.43333333333333,629,260,5.052906548047759e-32
35.43333333333333,630,260,3.993063208931122e-32
35.43333333333333,631,260,0.0085585443302989
35.46666666666667,632,258,0.009322144091129303
35.46666666666667,631,259,0.0034989845007658005
35.46666666666667,632,259,1.6787454641536692e-31
35.53333333333333,634,256,1.4357405930809364e-08
35.53333333333333,635,256,0.12813369929790497
35.56666666666667,634,258,0.005375859793275595
35.56666666666667,635,258,0.14060890674591064
35.56666666666667,634,259,8.188021638488863e-08
35.56666666666667,635,259,3.4047593544528354e-07
35.56666666666667,634,260,7.996662961475839e-32
35.56666666666667,635,260,2.3954182637453414e-08
35.56666666666667,636,260,8.243016054620966e-06
35.56666666666667,637,260,8.010847638031888e-35
35.56666666666667,638,261,0.0045124259777367115
35.6,639,259,8.894784696167335e-05
35.6,640,259,0.0016890930710360408
35.63333333333333,640,258,0.03118669055402279
35.63333333333333,641,258,6.638792705675189e-13
35.63333333333333,639,259,7.991610004864924e-07
35.63333333333333,640,259,8.126418305157837e-36
35.63333333333333,641,259,1.3500234961647691e-36
35.63333333333333,641,260,7.332553322046578e-32
35.666666666666664,640,259,8.175214247785334e-07
35.666666666666664,641,259,0.05287296324968338
35.7,645,259,3.809946580446422e-09
35.7,644,260,0.004697925411164761
35.7,645,260,0.0009310563327744603
35.733333333333334,645,259,0.0005383876268751919
35.733333333333334,646,259,0.0009361232514493167
35.733333333333334,647,259,1.933637625017859e-11
35.733333333333334,645,260,0.002709984313696623
35.733333333333334,647,260,5.643041731673293e-07
35.733333333333334,648,260,7.851218470023014e-06
35.733333333333334,649,260,0.05955544859170914
35.733333333333334,649,261,6.584140805898642e-07
35.733333333333334,650,261,3.1692848345699076e-10
35.733333333333334,649,262,0.00021919357823207974
35.733333333333334,650,262,0.00023414821771439165
35.733333333333334,650,263,9.220784136232396e-08
35.766666666666666,649,258,1.3206942639953922e-05
35.766666666666666,649,259,1.6959141930783517e-06
35.766666666666666,650,259,4.5039871138241594e-11
35.766666666666666,651,260,0.014854837208986282
35.8,651,258,0.0006026671617291868
35.8,651,259,1.8831252529549758e-11
35.8,651,260,4.330833689891733e-06
35.833333333333336,651,258,0.011093100532889366
35.833333333333336,652,258,7.383176853181794e-05
35.833333333333336,653,258,6.386036144334639e-09
35.86666666666667,655,257,0.0455557219684124
35.9,656,259,2.6465283298193754e-09
35.9,657,259,6.508650231543099e-35
35.9,658,259,4.4593737363786615e-34
35.9,657,260,0.002141284290701151
35.93333333333333,658,257,2.855900675058365e-05
35.93333333333333,656,258,4.544465426192801e-08
35.93333333333333,657,258,6.148942333084051e-08
35.93333333333333,658,258,0.000215424777707085
35.93333333333333,659,258,9.396869948830044e-09
35.93333333333333,660,258,0.0
35.93333333333333,661,258,1.26116250775965e-09
35.93333333333333,656,259,0.05022047460079193
35.93333333333333,657,259,2.6758522508885108e-08
35.93333333333333,658,259,0.00013194562052376568
35.93333333333333,659,259,0.001559344120323658
35.93333333333333,660,259,3.0099527321025467e-31
35.93333333333333,661,259,6.050688394765302e-09
35.93333333333333,660,260,0.0005753965233452618
35.93333333333333,661,260,0.05839184299111366
35.96666666666667,660,257,6.064171975594945e-05
35.96666666666667,659,258,2.546388776593062e-32
35.96666666666667,660,258,0.00712723471224308
35.96666666666667,661,258,2.2472490535108136e-09
35.96666666666667,662,258,0.0
35.96666666666667,659,259,7.836994388309297e-33
35.96666666666667,660,259,5.047790518908357e-10
35.96666666666667,661,259,7.823050086572668e-32
35.96666666666667,662,259,1.7842435227066744e-06
35.96666666666667,660,260,0.10793690383434296
36.0,661,257,1.3394875209016277e-09
36.0,662,257,0.021734967827796936
36.0,661,258,3.997133535449393e-05
36.0,662,258,2.6103048542114315e-11
36.0,663,258,2.280806438648142e-05
36.0,662,259,9.671905054631225e-09
36.03333333333333,663,258,1.0471736451900582e-34
36.03333333333333,663,259,0.004031077958643436
36.03333333333333,667,260,0.0026341727934777737
36.06666666666667,667,257,5.50417389604263e-05
36.06666666666667,665,258,7.169613347457471e-09
36.06666666666667,666,258,0.0006788005703128874
36.06666666666667,667,258,8.213626756514714e-08
36.06666666666667,668,258,4.5277775484464655e-07
36.06666666666667,665,259,2.305998065960073e-31
36.06666666666667,666,259,6.362383828673046e-07
36.06666666666667,667,259,2.4792589101707563e-06
36.06666666666667,667,260,0.001781187835149467
36.1,667,257,0.07748990505933762
36.1,668,257,0.0008915796643123031
36.1,666,258,2.80342817404744e-07
36.1,667,258,2.906238630430626e-31
36.1,668,258,1.041501107579279e-07
36.1,669,258,2.0738109840490182e-10
36.1,666,259,5.282142592477612e-05
36.1,667,259,6.488703543410484e-32
36.1,668,259,6.805950647503778e-07
36.1,669,259,2.116436054189208e-10
36.1,667,260,0.19422844052314758
36.13333333333333,670,258,0.00012144831998739392
36.13333333333333,673,261,0.003898527706041932
36.13333333333333,673,262,5.928776545260916e-07
36.166666666666664,673,258,8.48573909024708e-05
36.166666666666664,673,259,0.005255917552858591
36.166666666666664,675,262,0.0030678040347993374
36.2,673,256,5.570364081108892e-08
36.2,674,256,1.1742649803636596e-06
36.2,673,257,3.1026738955830524e-09
36.2,674,257,0.012465167790651321
36.2,675,257,0.0022035674192011356
36.2,673,258,0.0005540911806747317
36.2,674,258,1.6909107447560245e-10
36.2,675,258,2.318243069447131e-36
36.2,673,259,1.005631276029817e-07
36.2,675,259,7.677977009734605e-07
36.2,676,260,0.007274553645402193
36.2,677,261,0.09298145025968552
36.233333333333334,677,258,3.646149826508349e-09
36.233333333333334,678,258,4.7433234423577275e-11
36.233333333333334,677,259,0.0004664821026381105
36.233333333333334,678,259,1.235554306132133e-33
36.233333333333334,679,259,0.0002268687094328925
36.266666666666666,677,258,0.003975794184952974
36.266666666666666,678,258,5.528968903161323e-33
36.266666666666666,679,258,5.459510968308656e-11
36.266666666666666,680,258,1.3222071808588181e-34
36.266666666666666,681,258,0.00021299929358065128
36.266666666666666,678,259,4.783020646215164e-09
36.266666666666666,679,259,5.304042133502662e-06
36.266666666666666,680,259,3.0298176077400707e-13
36.266666666666666,681,259,0.03834070637822151
36.3,680,257,0.002476276131346822
36.3,681,257,0.05327639356255531
36.3,678,258,2.0933996438543545e-06
36.3,679,258,5.59320324100554e-05
36.3,680,258,1.0467930688928817e-10
36.3,681,258,3.0748776953210583e-36
36.3,679,259,6.436118097500037e-33
36.3,680,259,0.005958521738648415
36.3,681,259,0.000106829684227705
36.3,683,261,2.8799377105315216e-06
36.3,683,262,0.0004938480560667813
36.333333333333336,682,257,0.02326541393995285
36.333333333333336,683,257,1.141320815634117e-09
36.333333333333336,681,258,9.404850425198674e-05
36.333333333333336,682,258,1.250178581558655e-36
36.333333333333336,683,258,6.718770765107545e-34
36.333333333333336,681,259,0.08562250435352325
36.333333333333336,682,259,1.6038199538173557e-32
36.333333333333336,683,259,4.1501505620544776e-05
36.36666666666667,682,258,0.08432348072528839
36.36666666666667,682,259,0.014831848442554474
36.4,686,257,4.617267677531345e-06
36.4,684,258,0.00035794658469967544
36.4,686,258,5.575098716015248e-10
36.4,687,258,8.472686552352116e-09
36.4,686,259,0.13283690810203552
36.4,687,259,1.4679158999442166e-09
36.4,688,262,0.0801941305398941
36.4,688,263,0.02693808637559414
36.43333333333333,686,257,0.031330548226833344
36.43333333333333,686,258,0.0009751330362632871
36.43333333333333,686,259,5.362804245123698e-08
36.46666666666667,688,258,7.577899178505245e-34
36.46666666666667,690,258,5.980552941764472e-08
36.46666666666667,688,259,0.0003898674331139773
36.46666666666667,690,259,1.650400207608982e-07
36.46666666666667,691,259,0.0001303952158195898
36.46666666666667,692,259,0.0022951308637857437
36.46666666666667,690,260,0.0009951109532266855
36.46666666666667,691,260,6.617851227019855e-07
36.5,691,256,0.04425223544239998
36.5,692,257,2.7175088845865503e-08
36.53333333333333,694,256,1.949552824953571e-05
36.53333333333333,693,257,5.235428446326296e-08
36.53333333333333,694,257,3.719040631011694e-10
36.53333333333333,694,258,2.4892241924389867e-32
36.56666666666667,695,257,0.0018023247830569744
36.56666666666667,696,257,1.3855909475335437e-10
36.56666666666667,695,258,1.3361601247652288e-07
36.56666666666667,696,258,1.2071996375158724e-33
36.6,696,258,0.0006812311476096511
36.63333333333333,700,256,0.013953817076981068
36.63333333333333,700,257,0.0
36.63333333333333,700,258,4.4365202711560414e-07
36.63333333333333,703,260,4.055630916134554e-34
36.63333333333333,702,261,0.0624566525220871
36.63333333333333,703,261,1.4806943227085867e-08
36.666666666666664,698,256,0.00020401767687872052
36.666666666666664,699,256,1.2554411114251707e-05
36.666666666666664,700,256,8.269830141216516e-05
36.666666666666664,699,257,5.439413204828355e-32
36.666666666666664,700,257,1.4857043595384312e-08
36.666666666666664,701,257,2.1477890186361037e-05
36.666666666666664,702,257,5.9589045122265816e-05
36.666666666666664,699,258,0.0003970966790802777
36.666666666666664,700,258,3.9029927734191006e-08
36.666666666666664,701,258,4.456688316167856e-07
36.666666666666664,702,258,0.0012271462474018335
36.7,704,256,0.002828091848641634
36.7,701,257,7.854423955677703e-08
36.7,702,257,0.0006978901219554245
36.7,704,257,2.3177404727903195e-05
36.7,705,257,4.669511781685287e-06
36.7,701,258,2.4003843848593485e-31
36.7,702,258,6.426675645253469e-32
36.7,706,259,0.04672395437955856
36.7,706,261,0.0011190627701580524
36.7,706,262,0.007463962305337191
36.733333333333334,704,257,0.04268713667988777
36.733333333333334,705,257,1.2106507796261212e-08
36.733333333333334,706,257,9.824440816430524e-09
36.733333333333334,708,261,8.088566261221786e-09
36.733333333333334,708,262,0.06804019957780838
36.766666666666666,705,256,2.728265826590359e-07
36.766666666666666,706,256,2.5076706151594408e-06
36.766666666666666,708,257,1.5614116932738398e-07
36.766666666666666,708,258,5.500600309460424e-05
36.8,708,256,4.188892486254453e-33
36.8,709,256,1.574461533371263e-10
36.8,710,256,0.022858278825879097
36.8,708,257,0.0006285397685132921
36.8,709,257,1.8010961177497552e-35
36.8,710,257,0.0002846401766873896
36.8,708,258,2.0830708535868325e-07
36.8,710,258,0.020054452121257782
36.833333333333336,710,257,2.1819622423741304e-36
36.833333333333336,711,257,4.8561082225689684e-32
36.833333333333336,712,257,3.1733561981894155e-36
36.833333333333336,710,258,7.729784601536901e-32
36.833333333333336,711,258,2.8285001008043764e-07
36.833333333333336,712,258,5.2247072744648904e-05
36.86666666666667,713,256,4.282364170649089e-05
36.86666666666667,714,256,0.006593598518520594
36.86666666666667,712,257,8.489916113317814e-35
36.86666666666667,713,257,3.4811900584408306e-10
36.86666666666667,714,257,9.994366038977923e-14
36.86666666666667,712,258,3.0619279201207647e-31
36.86666666666667,714,258,0.0007950292201712728
36.9,713,257,6.453481383330751e-31
36.9,714,257,0.0021155397407710552
36.9,716,257,0.00017555532394908369
36.9,713,258,5.914365033277136e-07
36.9,714,258,3.915975299594654e-34
36.9,716,258,3.3335446977878674e-31
36.93333333333333,718,256,0.008227591402828693
36.93333333333333,716,257,0.000736445072107017
36.93333333333333,717,257,9.355964891710755e-10
36.93333333333333,718,257,4.87384177461081e-09
36.93333333333333,716,258,1.1122494925075443e-07
36.93333333333333,717,258,1.2788087255799496e-09
36.93333333333333,718,258,2.3376023818855174e-06
36.93333333333333,720,262,0.022038038820028305
36.96666666666667,718,256,0.01974390260875225
36.96666666666667,717,257,1.8215665420484584e-08
36.96666666666667,718,257,1.662347926867369e-06
36.96666666666667,719,257,6.650782893302676e-07
36.96666666666667,720,257,1.2228324496437366e-34
36.96666666666667,718,258,2.489082721693865e-31
36.96666666666667,719,258,3.1001853528778156e-08
36.96666666666667,720,258,0.001232750597409904
36.96666666666667,722,262,0.00794178619980812
37.0,722,256,5.975985262196559e-10
37.0,721,257,0.03276708722114563
37.0,722,257,1.997837673073377e-09
37.0,723,257,4.9696911446517333e-05
37.0,721,258,0.023208653554320335
37.0,723,258,0.00017781555652618408
37.03333333333333,722,256,5.21831577948717e-10
37.03333333333333,723,256,1.3391071777335787e-31
37.03333333333333,722,257,1.120167326007504e-05
37.03333333333333,723,257,1.0520393516344484e-06
37.06666666666667,725,254,0.0030737873166799545
37.06666666666667,724,255,0.011636534705758095
37.06666666666667,725,255,0.04495037719607353
37.06666666666667,726,255,5.216695964094242e-09
37.06666666666667,724,256,1.0009677708922027e-07
37.06666666666667,725,256,8.398842732404432e-11
37.06666666666667,726,256,1.7041936238051858e-31
37.06666666666667,724,257,0.000239096800214611
37.06666666666667,725,257,0.006804861128330231
37.06666666666667,726,257,1.8126092982129194e-06
37.1,724,255,0.028493834659457207
37.1,725,255,1.2445855457343669e-09
37.1,726,255,0.00011981107672909275
37.1,726,256,0.001166969072073698
37.1,727,256,7.392215479740116e-07
37.1,728,257,1.3093878639501242e-34
37.1,730,260,0.0037649015430361032
37.1,730,261,0.02597157657146454
37.13333333333333,727,256,4.732173649109867e-33
37.13333333333333,728,256,5.596796716381648e-38
37.13333333333333,729,256,3.673281725733427e-32
37.13333333333333,728,257,4.732017714559333e-06
37.13333333333333,732,259,4.4472453497590436e-11
37.13333333333333,731,260,8.386284662265098e-07
37.13333333333333,732,260,1.8032288551239617e-07
37.13333333333333,732,261,0.003181891515851021
37.166666666666664,730,253,0.09928753226995468
37.166666666666664,731,253,1.378047454636544e-05
37.166666666666664,730,255,0.036263808608055115
37.166666666666664,731,255,6.589178269678087e-07
37.166666666666664,729,256,0.00014638612628914416
37.166666666666664,729,257,1.942378401739422e-31
37.2,733,253,1.0072582881548442e-05
37.2,733,254,2.4560912947890756e-07
37.2,732,255,0.03802363947033882
37.2,733,255,0.0206525269895792
37.2,733,256,3.439444071773323e-07
37.2,733,257,1.0911966455751099e-05
37.233333333333334,734,255,0.026057938113808632
37.3,738,255,0.1753421574831009
37.3,739,255,1.8201774310000474e-08
37.3,738,256,3.095917406881199e-07
37.3,739,256,1.5904737570086674e-42
37.3,740,256,1.844623990534202e-35
37.3,738,257,0.04147433862090111
37.3,739,257,3.6674850692159344e-32
37.3,740,257,7.480621775357577e-07
37.333333333333336,740,255,0.015273596160113811
37.333333333333336,740,256,3.5345462379154924e-07
37.333333333333336,741,256,6.991580092652327e-10
37.333333333333336,740,257,0.11825158447027206
37.333333333333336,741,257,4.892444138704377e-08
37.333333333333336,741,258,0.00020669065997935832
37.333333333333336,741,259,0.025316856801509857
37.36666666666667,741,256,1.0895499826801824e-06
37.36666666666667,742,256,2.5832771276089827e-37
37.36666666666667,741,257,0.00012980388419236988
37.36666666666667,742,257,3.1397299826829754e-33
37.36666666666667,743,257,8.937137252473804e-09
37.43333333333333,747,255,2.213804179973522e-07
37.43333333333333,746,256,2.7090341081503766e-10
37.43333333333333,747,256,7.628430466866121e-06
37.43333333333333,747,257,2.611144189756942e-09
37.46666666666667,748,254,0.008504803292453289
37.46666666666667,746,255,5.346673165767406e-32
37.46666666666667,747,255,6.596223300903148e-08
37.46666666666667,748,255,9.467009476793464e-06
37.46666666666667,746,256,0.001752618351019919
37.46666666666667,747,256,7.746081109871739e-09
37.46666666666667,748,256,8.996064480015775e-07
37.5,750,254,0.0006164561491459608
37.5,751,254,1.7738797396305017e-05
37.5,751,255,4.1882939987285955e-14
37.5,751,256,4.2559186397284066e-08
37.53333333333333,753,254,0.0024452873039990664
37.53333333333333,752,255,0.012350388802587986
37.53333333333333,753,255,1.541520866510382e-08
37.53333333333333,752,256,0.00010734706302173436
37.53333333333333,753,256,1.4117701259307883e-31
37.56666666666667,754,255,0.0001323660690104589
37.56666666666667,755,255,9.710815263019867e-09
37.56666666666667,755,256,6.740305270601632e-35
37.6,754,255,7.421870122925611e-07
37.6,755,255,1.9674242679457166e-08
37.6,760,259,0.00016300086281262338
37.6,761,259,8.511337910022121e-06
37.6,760,260,4.554007837498375e-09
37.6,761,260,4.924547170048754e-08
37.6,760,261,0.0008889053133316338
37.63333333333333,759,255,0.002835050458088517
37.63333333333333,759,256,1.4604098095769014e-12
37.7,763,255,2.1632720859088295e-07
37.7,762,256,0.00020790290727745742
37.7,763,256,1.9450193192160903e-11
37.7,764,256,1.1744329952989574e-08
37.7,763,257,4.166397786775633e-07
37.733333333333334,765,254,0.00024434513761661947
37.733333333333334,763,255,0.00028427288634702563
37.733333333333334,764,255,8.43402325756415e-09
37.733333333333334,765,255,2.3778415197739378e-05
37.733333333333334,762,256,6.019301679316413e-08
37.733333333333334,763,256,2.6948788445224636e-07
37.733333333333334,764,256,8.600279102211061e-07
37.733333333333334,765,256,6.23262437215999e-08
37.733333333333334,763,257,0.21984156966209412
37.733333333333334,764,257,0.12180831283330917
37.766666666666666,766,253,0.0004399403987918049
37.766666666666666,765,254,4.045748980274766e-08
37.766666666666666,766,254,2.4013481379370205e-05
37.766666666666666,764,255,1.1520773278595567e-31
37.766666666666666,765,255,2.690129166207092e-31
37.766666666666666,766,255,0.0017611953662708402
37.766666666666666,764,256,1.8364162412964902e-09
37.766666666666666,765,256,0.057172030210494995
37.8,768,252,2.5477010012764367e-07
37.8,769,256,2.7363605568098137e-06
37.8,770,256,1.8331599296822423e-37
37.8,771,256,6.45867930870736e-06
37.8,769,257,0.05516090616583824
37.833333333333336,770,255,1.7745319112747612e-36
37.833333333333336,771,255,4.961890273658121e-13
37.833333333333336,770,256,0.0006628877599723637
37.833333333333336,771,256,1.07180262887141e-07
37.833333333333336,773,256,5.56323448108742e-06
37.833333333333336,772,257,0.028401510789990425
37.833333333333336,773,257,0.05756169185042381
37.833333333333336,773,258,1.335898325294238e-08
37.86666666666667,772,255,0.0003384767915122211
37.86666666666667,773,255,3.672664117271296e-10
37.86666666666667,773,256,0.025241544470191002
37.86666666666667,775,259,0.12397431582212448
37.9,772,253,1.618001566061622e-11
37.9,772,254,7.089408780797918e-32
37.9,773,254,0.0023725854698568583
37.9,774,254,2.7947367925662547e-05
37.9,772,255,2.988783762702951e-06
37.93333333333333,774,254,1.8827835219781264e-06
37.96666666666667,776,253,0.0006147061358205974
37.96666666666667,777,253,2.137896970566544e-08
37.96666666666667,778,253,3.1291165214497596e-06
37.96666666666667,776,254,3.376440382134013e-33
37.96666666666667,777,254,1.890099241563803e-07
37.96666666666667,778,254,5.9299841268511955e-06
37.96666666666667,776,255,7.541710510849953e-05
37.96666666666667,777,255,0.007914906367659569
37.96666666666667,778,255,1.113288600369993e-31
37.96666666666667,779,255,6.071252585591667e-32
37.96666666666667,779,256,0.00021124639897607267
37.96666666666667,780,256,7.456669118255377e-05
38.0,779,254,2.716156366489031e-08
38.0,780,254,9.91910269476648e-07
38.0,781,254,3.7824509490747005e-05
38.0,779,255,0.0006513372645713389
38.0,780,255,9.231695230482728e-08
38.0,781,255,0.007937799207866192
38.03333333333333,779,254,5.720400597652997e-09
38.03333333333333,780,254,7.385130285086916e-10
38.03333333333333,781,254,4.976656343740145e-32
38.03333333333333,779,255,1.5166549024266928e-31
38.03333333333333,780,255,3.524887612759209e-32
38.03333333333333,781,255,0.006487657316029072
38.06666666666667,781,253,1.9687651331423695e-07
38.06666666666667,782,253,1.810529170143127e-06
38.06666666666667,783,253,0.012174003757536411
38.06666666666667,784,253,6.590362744418599e-08
38.06666666666667,780,254,0.11407728493213654
38.06666666666667,781,254,3.251227676677696e-35
38.06666666666667,782,254,1.0977445619175796e-08
38.06666666666667,783,254,6.489770748885348e-05
38.06666666666667,780,255,8.023270652302017e-07
38.06666666666667,781,255,9.316543980730785e-09
38.06666666666667,782,255,0.000667196698486805
38.06666666666667,783,255,0.004937844816595316
38.1,786,253,1.1097863325011531e-31
38.1,785,254,4.881189397565322e-06
38.1,786,254,4.885813709165632e-08
38.1,785,255,2.6750909455586225e-05
38.1,786,255,1.4698850091054273e-32
38.13333333333333,786,253,5.823731917647185e-35
38.13333333333333,787,253,0.0016565131954848766
38.13333333333333,788,253,4.540882855508244e-06
38.13333333333333,785,254,1.2508627323286932e-33
38.13333333333333,786,254,4.061930667376146e-05
38.13333333333333,787,254,5.252915116216172e-07
38.13333333333333,788,254,1.0395308436272899e-06
38.13333333333333,786,255,7.916232111509526e-32
38.13333333333333,787,255,3.060882227146067e-05
38.13333333333333,788,255,7.689887615569546e-10
38.166666666666664,788,253,0.08401215821504593
38.166666666666664,789,253,8.487895541975377e-08
38.166666666666664,790,253,0.005177359562367201
38.166666666666664,788,254,2.2660337606339453e-08
38.166666666666664,790,254,3.278231135200673e-33
38.166666666666664,791,254,3.1898192420776184e-10
38.166666666666664,788,255,0.0027982534375041723
38.166666666666664,790,255,9.959027238437557e-07
38.166666666666664,791,255,2.5261234770646013e-10
38.166666666666664,792,255,0.041508063673973083
38.166666666666664,791,256,1.1728119902631461e-31
38.233333333333334,792,252,0.00011170773359481245
38.233333333333334,793,252,6.789186386413348e-07
38.233333333333334,792,253,4.887498903372034e-07
38.233333333333334,793,253,3.106833887378535e-11
38.233333333333334,793,254,8.669344424561132e-07
38.233333333333334,793,255,0.08159660547971725
38.3,797,253,4.000670742243528e-06
38.333333333333336,798,253,0.04753672331571579
38.333333333333336,798,254,0.00034421795862726867
38.333333333333336,802,255,0.000296233658445999
38.36666666666667,801,252,0.0003625139070209116
38.36666666666667,802,252,0.0022794147953391075
38.36666666666667,800,253,3.657529794357468e-36
38.36666666666667,801,253,5.020920639253745e-07
38.36666666666667,802,253,6.183525913527887e-10
38.36666666666667,803,253,7.993989129317924e-05
38.36666666666667,799,254,1.34611359426222e-31
38.36666666666667,800,254,4.541818648978315e-32
38.36666666666667,801,254,0.03924950212240219
38.36666666666667,802,254,3.8814249592178385e-07
38.36666666666667,803,254,6.900988669400476e-09
38.4,804,251,1.7055566559065483e-06
38.4,802,252,1.0077502338390332e-05
38.4,803,252,3.9128618567474405e-08
38.4,804,252,9.517585567664355e-06
38.4,801,253,4.3099767026433256e-06
38.4,802,253,4.5108353674550017e-07
38.4,803,253,5.144769220876063e-40
38.4,804,253,4.595723567035748e-06
38.4,802,254,1.0873655189602251e-33
38.4,803,254,1.4317659313601683e-32
38.4,804,254,6.527101703568405e-08
38.4,803,255,4.3388892663642764e-05
38.4,808,258,5.117134266332903e-31
38.43333333333333,804,252,1.041149531033625e-07
38.43333333333333,806,252,2.4638159175083274e-06
38.43333333333333,806,253,5.599394973770994e-33
38.46666666666667,808,252,2.095442342346434e-31
38.46666666666667,806,253,2.0283667254261672e-05
38.46666666666667,807,253,0.00033186058863066137
38.46666666666667,808,253,2.9936335203542335e-32
38.46666666666667,806,254,1.5464449916180456e-06
38.46666666666667,808,254,0.000274276448180899
38.46666666666667,810,254,0.000859264750033617
38.5,810,253,1.4920289211766947e-34
38.53333333333333,811,250,0.028245938941836357
38.53333333333333,810,252,0.014338299632072449
38.53333333333333,811,252,0.0004755830450449139
38.53333333333333,812,252,1.101262569136452e-06
38.53333333333333,810,253,8.20826826384291e-05
38.53333333333333,811,253,1.741559935908299e-05
38.53333333333333,812,253,1.2251783788885806e-12
38.53333333333333,811,254,1.6216311848893383e-08
38.53333333333333,812,254,1.650787453399971e-07
38.53333333333333,814,258,0.10349278897047043
38.56666666666667,812,252,1.6736938050598837e-05
38.56666666666667,813,252,2.969754750812708e-35
38.56666666666667,814,252,2.5071909703910933e-07
38.56666666666667,812,253,6.392250117695288e-32
38.56666666666667,813,253,6.279734861891484e-06
38.56666666666667,814,253,8.123608949972549e-07
38.6,814,252,6.679882869065068e-09
38.6,814,253,0.05092044919729233
38.63333333333333,815,252,0.0034101458732038736
38.63333333333333,816,252,8.23993563160874e-32
38.63333333333333,817,252,0.006985786370933056
38.63333333333333,818,252,2.786872292505049e-33
38.63333333333333,816,253,2.4938870295538133e-35
38.63333333333333,817,253,9.083552243716042e-10
38.63333333333333,818,253,4.4295389550708226e-32
38.63333333333333,817,254,0.001339809037744999
38.733333333333334,823,251,1.6528967705653486e-07
38.766666666666666,823,249,1.249540309800068e-05
38.766666666666666,824,249,0.0017062685219570994
38.766666666666666,824,250,2.270952421667971e-07
38.766666666666666,823,251,0.12782682478427887
38.766666666666666,824,251,1.8718685623753117e-07
38.766666666666666,824,252,8.218316907004919e-07
38.766666666666666,825,252,1.1187649460989262e-36
38.766666666666666,826,252,0.0
38.766666666666666,825,253,0.0005940648261457682
38.8,826,249,0.05722714960575104
38.8,826,250,1.7935541052338522e-07
38.8,827,250,2.8492069148455812e-08
38.8,826,251,0.0025164042599499226
38.8,827,251,8.425835403613746e-06
38.8,826,252,1.7707056031213142e-05
38.8,830,256,5.321918301089773e-36
38.833333333333336,828,251,1.9695298760780133e-05
38.833333333333336,831,255,2.295921493285954e-31
38.833333333333336,831,256,0.022111663594841957
38.86666666666667,830,252,3.5963294067187235e-06
38.86666666666667,831,252,5.2866266919693317e-11
38.86666666666667,832,253,0.038968149572610855
38.86666666666667,832,254,0.23301547765731812
38.86666666666667,833,254,0.0026157530955970287
38.86666666666667,833,256,0.0034782656002789736
38.9,833,249,1.1441417591129266e-08
38.9,831,250,0.006426684558391571
38.9,832,250,0.0002247434895252809
38.9,833,250,0.0004633052449207753
38.9,831,251,9.274410921013868e-33
38.9,832,251,3.270189896653619e-09
38.9,833,251,9.678086240402783e-13
38.9,831,252,2.1267687965981076e-31
38.9,832,252,6.671171831840184e-06
38.9,833,252,6.795158924433053e-07
38.93333333333333,835,250,5.282469128786715e-09
38.93333333333333,835,251,9.691088052932173e-06
38.93333333333333,836,251,1.202577415426731e-08
38.96666666666667,835,251,4.905416426481679e-05
39.0,837,250,1.0485859958109245e-09
39.0,838,250,2.2552608243131544e-06
39.0,837,251,1.0788910742576263e-07
39.0,838,251,4.3281312400722527e-07
39.0,836,252,0.00012156477168900892
39.0,837,252,5.995989796538744e-32
39.0,838,252,0.0008147440385073423
39.03333333333333,838,250,0.0030582707840949297
39.03333333333333,841,251,1.6301598959600483e-11
39.03333333333333,840,252,6.144238947182276e-35
39.03333333333333,841,252,7.464324269790268e-09
39.03333333333333,842,252,0.03775063529610634
39.03333333333333,843,256,0.05912759527564049
39.06666666666667,841,250,7.383334832411492e-06
39.06666666666667,841,251,6.920378655195236e-05
39.06666666666667,842,251,1.5348376791735063e-08
39.06666666666667,841,252,0.00043904216727241874
39.06666666666667,842,252,1.076686933384722e-34
39.06666666666667,843,252,8.79280996741727e-05
39.1,845,250,0.0024689885322004557
39.1,843,251,6.645565736107528e-05
39.1,844,251,0.0002363822131883353
39.1,845,251,4.765807377907836e-36
39.1,846,251,2.2514412194141187e-05
39.1,844,252,5.853048601345279e-10
39.1,845,252,1.3626612633376154e-32
39.1,846,252,3.444584422140906e-07
39.1,845,253,0.0013078891206532717
39.13333333333333,847,250,0.0012527942890301347
39.13333333333333,846,251,3.603769016535807e-08
39.13333333333333,847,251,2.925473584084251e-14
39.13333333333333,846,252,4.9562964704819024e-05
39.13333333333333,847,252,1.0192822636930406e-33
39.13333333333333,849,255,3.728109004441649e-05
39.166666666666664,847,250,6.721714953528135e-07
39.166666666666664,848,250,2.489778125891462e-07
39.166666666666664,849,250,3.454311417139356e-39
39.166666666666664,848,251,2.6452820748090744e-05
39.166666666666664,849,251,7.236960358196184e-32
39.166666666666664,850,251,0.0005072266212664545
39.166666666666664,850,252,7.043399818940088e-08
39.166666666666664,851,252,0.03509173542261124
39.166666666666664,851,253,4.1167152176058153e-07
39.233333333333334,851,249,3.9707089172225096e-07
39.233333333333334,851,250,2.7984747156212526e-32
39.233333333333334,852,250,5.35472463525366e-06
39.266666666666666,855,250,4.0874753887061156e-32
39.266666666666666,856,250,1.840276227751531e-39
39.266666666666666,854,251,9.622237451267779e-10
39.266666666666666,855,251,2.967847105225796e-12
39.266666666666666,856,251,2.638262497356436e-09
39.266666666666666,855,252,0.013997526839375496
39.3,857,249,9.17184297577478e-05
39.333333333333336,861,253,0.01083702314645052
39.333333333333336,861,254,4.553962974990248e-32
39.36666666666667,859,249,0.001461968757212162
39.36666666666667,860,249,0.0005552046350203454
39.36666666666667,859,250,2.065725226430004e-07
39.36666666666667,860,250,3.6847203066514567e-09
39.36666666666667,861,250,3.837045721218234e-32
39.36666666666667,858,251,2.8927232165187888e-08
39.36666666666667,859,251,0.002552447374910116
39.36666666666667,860,251,2.2623272144528528e-09
39.36666666666667,861,251,2.5903586902131792e-06
39.4,861,249,0.4804588556289673
39.4,861,250,2.8964328916549368e-31
39.43333333333333,865,249,1.0699973546079988e-10
39.43333333333333,865,250,1.143015083471255e-06
39.43333333333333,867,253,3.986179564208214e-08
39.43333333333333,867,254,2.0864388716290705e-05
39.46666666666667,867,248,4.814091940240352e-32
39.46666666666667,866,249,7.0491212866841124e-09
39.46666666666667,867,249,2.577289023975027e-06
39.46666666666667,865,250,8.213000768364509e-08
39.46666666666667,866,250,3.3932454243768007e-05
39.46666666666667,867,250,2.645608176976566e-10
39.46666666666667,869,252,6.825746368122054e-08
39.5,867,248,0.008498718030750751
39.5,868,248,1.1977278890906717e-10
39.5,866,249,0.00013591180322691798
39.5,867,249,4.039723300633733e-36
39.5,868,249,1.3918042066074499e-11
39.5,866,250,3.31434712279588e-05
39.5,867,250,1.0992992294234227e-08
39.5,868,250,5.06379080889019e-07
39.5,869,250,1.654018352736947e-31
39.5,870,251,0.06897535920143127
39.53333333333333,869,248,3.6061936182697095e-32
39.53333333333333,870,248,8.01215321644122e-07
39.53333333333333,869,249,2.848188387361006e-06
39.53333333333333,870,249,1.2145932236284505e-36
39.53333333333333,869,250,1.3390236835997271e-11
39.53333333333333,870,250,1.8697074934841997e-15
39.53333333333333,870,251,0.012092974036931992
39.56666666666667,872,250,1.4243664026025726e-08
39.56666666666667,874,252,0.02136535383760929
39.56666666666667,874,253,2.21081476189094e-31
39.56666666666667,875,253,6.610391921346714e-12
39.56666666666667,875,254,5.817812477071329e-32
39.6,872,249,1.2099105295269601e-33
39.6,872,250,2.2012790635549932e-32
39.6,873,250,0.0005948658799752593
39.6,876,253,0.00030588413937948644
39.63333333333333,876,248,0.026596559211611748
39.63333333333333,876,249,2.2810934751760215e-05
39.63333333333333,876,250,2.7738144581235247e-06
39.666666666666664,876,249,1.6971479457652272e-31
39.666666666666664,878,249,5.867841173312627e-05
39.666666666666664,876,250,1.4417251309233576e-31
39.666666666666664,880,254,0.27465423941612244
39.666666666666664,880,255,0.04600603133440018
39.7,878,249,0.001386572141200304
39.7,882,252,0.00040756649104878306
39.733333333333334,882,249,9.572796937658659e-32
39.733333333333334,883,250,1.2212905176056665e-06
39.733333333333334,884,250,1.6468632679789152e-08
39.733333333333334,884,251,2.66355255007511e-06
39.733333333333334,884,252,0.010979525744915009
39.733333333333334,885,252,5.963139528830652e-07
39.766666666666666,883,247,1.1201032203016182e-33
39.766666666666666,884,247,2.5992344127728773e-12
39.766666666666666,882,248,6.961348844924942e-06
39.766666666666666,883,248,2.8744673841174517e-07
39.766666666666666,884,248,1.7279259349311377e-13
39.766666666666666,882,249,0.004997294396162033
39.766666666666666,883,249,7.87122826295672e-06
39.766666666666666,884,249,4.249958749369398e-07
39.766666666666666,885,249,0.0011947950115427375
39.766666666666666,884,250,0.0010341469896957278
39.766666666666666,885,250,2.9803883805357145e-09
39.766666666666666,886,250,0.00018794467905536294
39.766666666666666,884,251,6.427247717510909e-05
39.766666666666666,885,251,0.003686292329803109
39.766666666666666,886,251,0.21987609565258026
39.766666666666666,886,252,5.376597389528115e-09
39.766666666666666,886,253,0.04766082018613815
39.8,886,248,3.308159070166899e-38
39.8,886,249,2.5756096874829382e-05
39.8,887,249,5.855594897852257e-10
39.833333333333336,887,247,0.00011902254482265562
39.833333333333336,888,247,0.09830309450626373
39.833333333333336,886,248,0.00011324341903673485
39.833333333333336,887,248,4.452622874850931e-07
39.833333333333336,888,248,5.483542439566058e-12
39.833333333333336,886,249,9.38542137489606e-32
39.833333333333336,887,249,3.2558862130827038e-06
39.833333333333336,888,249,0.008816144429147243
39.9,890,247,0.14608095586299896
39.9,892,247,0.0009587454842403531
39.9,890,248,5.606473791885946e-07
39.9,891,248,3.6887690124665085e-10
39.9,892,248,4.255592284607701e-05
39.9,890,249,9.408581718162168e-07
39.9,891,249,3.9052180913550027e-35
39.9,892,249,4.4925560359843075e-05
39.9,894,249,0.0002886872971430421
39.93333333333333,894,245,2.463006296693493e-07
39.93333333333333,892,247,1.9123000873894514e-32
39.93333333333333,893,247,6.222153903223671e-10
39.93333333333333,894,247,5.013659487573818e-10
39.93333333333333,891,248,0.0
39.93333333333333,892,248,8.967802909132251e-32
39.93333333333333,894,248,0.0011739225592464209
39.96666666666667,896,247,0.00020125847368035465
39.96666666666667,897,247,6.42031729430198e-13
39.96666666666667,896,248,2.7172600169933503e-08
39.96666666666667,897,248,5.201105102159431e-10
39.96666666666667,898,248,5.999034442538687e-07
39.96666666666667,896,249,0.00012244743993505836
39.96666666666667,897,249,0.010105817578732967
39.96666666666667,898,249,0.001321296556852758
39.96666666666667,898,250,0.02819499373435974
39.96666666666667,899,250,4.709785272893896e-08
39.96666666666667,898,251,0.0029800550546497107
39.96666666666667,898,252,0.0710696130990982
40.0,897,245,0.001187576912343502
40.0,898,246,9.99656535327631e-09
40.0,896,247,2.824254750066757e-07
40.0,897,247,7.224880391731858e-07
40.0,898,247,6.654958362162233e-09
40.0,896,248,0.00010047815885627642
40.0,897,248,4.5392415159994925e-08
40.0,898,248,3.519299571053125e-05
40.0,899,248,0.010323610156774521
40.03333333333333,900,246,0.001832333393394947
40.03333333333333,898,247,0.0011033940827473998
40.03333333333333,899,247,8.082914428086951e-05
40.03333333333333,900,247,5.984505668799045e-10
40.06666666666667,899,247,2.550742408402584e-07
40.06666666666667,900,247,0.001967179821804166
40.06666666666667,902,247,2.2408056565836887e-07
40.06666666666667,902,248,9.720463272692924e-33
40.06666666666667,903,248,1.2223620452735414e-33
40.06666666666667,904,248,0.004719387739896774
40.1,903,247,2.322563886991702e-05
40.1,903,248,0.0039220997132360935
40.13333333333333,906,247,5.258082413917009e-09
40.13333333333333,906,248,5.6992757180296394e-08
40.13333333333333,907,248,8.269636209831733e-38
40.13333333333333,908,248,0.08194133639335632
40.13333333333333,906,249,0.0007221375708468258
40.13333333333333,908,249,0.04445618391036987
40.166666666666664,906,246,0.0005365472170524299
40.166666666666664,907,246,0.007927166298031807
40.166666666666664,908,246,6.393769747631342e-37
40.166666666666664,906,247,4.818728029931663e-07
40.166666666666664,907,247,7.954944294397137e-07
40.166666666666664,908,247,0.0
40.166666666666664,906,248,0.0386500209569931
40.166666666666664,907,248,2.531249810999725e-05
40.166666666666664,908,248,1.5974778477811924e-07
40.2,909,245,0.0015524695627391338
40.2,908,246,0.0008899028180167079
40.2,909,246,1.5587088564306129e-10
40.2,910,246,8.65052522886281e-14
40.2,908,247,7.328672836592887e-06
40.2,909,247,2.1866423662583707e-31
40.2,910,247,0.00035799984470941126
40.233333333333334,910,246,1.0395566505394527e-06
40.233333333333334,911,246,1.8724373749963887e-34
40.233333333333334,914,246,4.051231528023891e-08
40.233333333333334,910,247,1.8546828641774482e-06
40.233333333333334,914,247,3.3852194292194326e-07
40.233333333333334,915,247,0.0003897744754794985
40.233333333333334,915,248,0.0016588433645665646
40.266666666666666,912,244,4.038124501448692e-08
40.266666666666666,913,244,0.001808271510526538
40.266666666666666,914,244,3.499925469441223e-06
40.266666666666666,912,245,0.0028733087237924337
40.266666666666666,913,245,1.2072892729975138e-07
40.266666666666666,914,245,2.1193664735721095e-31
40.266666666666666,912,246,3.254930106777465e-06
40.266666666666666,913,246,6.758207882207046e-10
40.266666666666666,914,246,0.0
40.333333333333336,917,246,8.53390890330156e-36
40.333333333333336,916,247,1.488136280869412e-10
40.333333333333336,917,247,3.388968252693303e-06
40.333333333333336,918,247,1.9914357380912406e-06
40.36666666666667,917,245,3.7335364595492138e-06
40.36666666666667,918,245,0.007806180510669947
40.36666666666667,916,246,4.3247641201560327e-07
40.36666666666667,917,246,1.506035251362494e-31
40.36666666666667,918,246,2.5696913485973027e-09
40.36666666666667,916,247,1.1865363376273308e-06
40.36666666666667,917,247,4.5419570634381243e-32
40.36666666666667,918,247,1.2801839943676896e-07
40.4,918,246,0.0027280214708298445
40.4,919,246,6.11575671882747e-07
40.4,920,246,2.1284351987560512e-06
40.4,921,246,0.0005122775328345597
40.4,918,247,4.901936563328491e-07
40.4,919,247,4.6414441461992055e-32
40.4,920,247,4.013251148912144e-32
40.4,921,247,4.601157144179524e-08
40.4,923,250,2.6515570183960335e-08
40.4,924,250,1.065418488417396e-34
40.4,923,251,0.19467787444591522
40.4,924,251,9.076630362869764e-07
40.4,924,252,1.4613776500027598e-07
40.46666666666667,925,244,0.0025661264080554247
40.46666666666667,923,245,8.607930794823915e-06
40.46666666666667,924,245,1.344043543127782e-08
40.46666666666667,925,245,6.923095043021021e-06
40.46666666666667,924,246,1.3310099689078925e-08
40.46666666666667,925,246,1.8429936396446855e-11
40.5,926,245,8.767957478994504e-05
40.5,927,245,8.248361438312202e-10
40.5,926,246,1.3866069821233395e-05
40.5,927,246,1.2828400451289634e-12
40.5,928,247,0.0028480759356170893
40.5,929,250,0.0005488061578944325
40.53333333333333,929,244,2.4737575586186722e-05
40.53333333333333,929,245,1.3978767032796213e-09
40.53333333333333,929,246,0.04581077769398689
40.53333333333333,930,246,3.034313067473704e-08
40.53333333333333,930,247,0.013058101758360863
40.56666666666667,929,244,7.083260697982041e-07
40.56666666666667,930,244,0.04052136465907097
40.56666666666667,929,245,0.006537923589348793
40.56666666666667,930,245,4.494798144794032e-10
40.56666666666667,931,245,1.0433388841523134e-32
40.56666666666667,932,245,4.373442607175093e-06
40.56666666666667,929,246,8.865533800417325e-07
40.56666666666667,930,246,0.0005280196201056242
40.56666666666667,931,246,1.0048827480956355e-31
40.56666666666667,932,246,8.330546252821591e-10
40.56666666666667,933,246,5.64749427667266e-07
40.56666666666667,932,247,0.00024130089150276035
40.6,931,244,0.027045609429478645
40.6,932,244,3.765769918118167e-08
40.6,931,245,8.173299814728807e-10
40.6,932,245,5.377453931032505e-07
40.6,933,245,2.0745596351900986e-09
40.6,931,246,0.006398485507816076
40.6,932,246,0.0547979436814785
40.6,933,246,3.778571056045621e-07
40.63333333333333,935,244,2.2002095967283164e-35
40.63333333333333,935,245,1.463201613205456e-07
40.666666666666664,935,243,1.7283668940493158e-10
40.666666666666664,936,243,1.0089543078785786e-31
40.666666666666664,937,243,0.0010223205899819732
40.666666666666664,935,244,0.004858171567320824
40.666666666666664,936,244,6.425813694477256e-07
40.666666666666664,937,244,4.3898069521394415e-32
40.666666666666664,936,245,0.011376387439668179
40.666666666666664,937,245,0.06676311790943146
40.666666666666664,938,245,3.9870370528660715e-05
40.666666666666664,939,246,0.02706107497215271
40.666666666666664,940,248,5.219139893597458e-07
40.7,937,243,4.582216206472367e-05
40.7,937,244,1.8023776915399026e-09
40.7,938,244,0.00031178808421827853
40.7,939,244,2.5341057607874973e-06
40.7,940,244,8.294764874960947e-09
40.7,936,245,5.7081251725321636e-06
40.7,937,245,2.4548156507741745e-31
40.7,938,245,4.210332603393763e-12
40.7,939,245,2.5756970833685266e-32
40.7,940,245,0.03280043974518776
40.7,941,245,8.021451503736898e-05
40.7,939,246,0.00014595342508982867
40.733333333333334,941,244,9.430829095435911e-08
40.733333333333334,942,244,0.0
40.733333333333334,941,245,0.0008737543830648065
40.733333333333334,942,245,4.3382075709530454e-10
40.733333333333334,943,248,0.1599799245595932
40.766666666666666,943,244,0.0074304682202637196
40.766666666666666,943,245,3.274110937923069e-08
40.8,944,243,0.012097467668354511
40.8,945,243,2.868994215532439e-06
40.8,946,243,7.548440171534221e-12
40.8,943,244,3.711270294218386e-31
40.8,944,244,3.0811138085340417e-09
40.8,945,244,5.058882379671559e-07
40.8,943,245,0.0015390762127935886
40.8,944,245,1.5824536347963658e-08
40.8,945,245,0.0006101353792473674
40.9,951,244,5.534523734240793e-05
40.93333333333333,951,242,0.3679048418998718
40.93333333333333,951,243,0.0031343032605946064
40.93333333333333,952,243,2.6141833561616237e-32
40.93333333333333,953,243,3.8907918553654497e-10
40.93333333333333,951,244,9.927173749701979e-09
40.93333333333333,952,244,0.0007988193538039923
40.93333333333333,953,244,1.5232348005156382e-06
40.96666666666667,953,242,3.6183279007673264e-05
40.96666666666667,954,242,0.00011866699787788093
40.96666666666667,952,243,9.318783327216806e-07
40.96666666666667,953,243,4.992744440102115e-09
40.96666666666667,955,243,3.069572755975969e-07
40.96666666666667,952,244,9.997804362171792e-09
40.96666666666667,953,244,0.001876471214927733
40.96666666666667,955,244,0.0004215009685140103
41.0,956,240,0.00015420210547745228
41.0,957,242,0.0001540599623695016
41.0,957,243,1.0440569269198284e-37
41.0,957,244,4.489613274927251e-05
41.03333333333333,957,242,2.312124667072646e-12
41.03333333333333,958,242,7.760352218610933e-07
41.03333333333333,959,242,0.0017888781148940325
41.03333333333333,957,243,1.3732077604799997e-05
41.03333333333333,958,243,7.040085181486688e-11
41.03333333333333,959,243,0.07111380249261856
41.03333333333333,957,244,4.1099110603681765e-06
41.03333333333333,959,244,0.00011993659427389503
41.06666666666667,959,239,9.888557315207436e-07
41.06666666666667,960,239,7.106808334356174e-05
41.06666666666667,959,240,8.78592274489165e-08
41.06666666666667,960,240,0.0172216035425663
41.06666666666667,959,241,0.015620448626577854
41.06666666666667,959,242,0.005852022673934698
41.06666666666667,961,242,0.0
41.06666666666667,963,246,4.977047099184522e-35
41.06666666666667,965,246,0.04288414120674133
41.06666666666667,963,247,1.087794743170889e-07
41.1,959,240,0.013942058198153973
41.1,960,240,1.0147952167471885e-07
41.1,959,241,5.222764229984023e-07
41.1,960,241,2.5473134712683532e-08
41.1,961,241,0.18451273441314697
41.1,962,241,2.93947960017249e-06
41.1,959,242,1.219213743297587e-07
41.1,960,242,5.229879462831377e-08
41.1,961,242,3.165640407587489e-07
41.1,962,242,2.1800509304596385e-34
41.1,960,243,0.02466045692563057
41.1,961,243,4.2566065872051695e-07
41.1,962,243,5.113601582706906e-05
41.13333333333333,962,241,4.012494537164457e-05
41.13333333333333,963,241,4.862873538513668e-06
41.13333333333333,964,241,6.440418937456108e-32
41.13333333333333,961,242,4.1504449654894415e-08
41.13333333333333,962,242,2.0569389763272314e-36
41.13333333333333,963,242,1.2739498785158046e-31
41.13333333333333,964,242,4.017146476607549e-37
41.13333333333333,961,243,2.3067763322615065e-05
41.13333333333333,962,243,2.5292423180421975e-33
41.166666666666664,966,241,0.020645063370466232
41.166666666666664,963,242,7.0579471156406726e-09
41.166666666666664,964,242,0.0005124449380673468
41.166666666666664,965,242,2.5784653189475648e-05
41.166666666666664,966,242,3.480732473689467e-36
41.166666666666664,964,243,5.12195508621506e-32
41.166666666666664,965,243,2.528010157516826e-31
41.166666666666664,966,243,7.380100578302518e-05
41.233333333333334,969,241,0.0022941352799534798
41.233333333333334,970,241,4.5648826585420466e-07
41.233333333333334,969,242,9.05265460460214e-06
41.233333333333334,970,242,0.001168484683148563
41.266666666666666,972,241,0.042047563940286636
41.266666666666666,972,242,3.884527170657411e-32
41.266666666666666,974,245,1.463607281524861e-32
41.266666666666666,974,246,0.11740457266569138
41.3,972,241,0.0039845858700573444
41.3,974,241,1.7330290575046092e-05
41.3,972,242,4.3754265789175406e-05
41.3,974,242,1.5912203252810286e-06
41.3,976,245,1.006965248961933e-07
41.4,980,240,1.37085725076193e-32
41.4,980,241,6.622641720731877e-32
41.4,981,241,3.7220373449997624e-09
41.4,980,242,3.852202553389361e-06
41.4,981,242,5.8915515132049e-34
41.4,982,242,0.01734600029885769
41.4,982,243,0.03506207838654518
41.4,983,243,3.9727504486108955e-07
41.4,983,245,5.101007900520926e-06
41.43333333333333,982,239,0.0012851444771513343
41.43333333333333,981,240,0.02381284348666668
41.43333333333333,982,240,1.7708811128613888e-07
41.43333333333333,981,241,4.5123069725150344e-09
41.43333333333333,982,241,1.746578405934452e-41
41.43333333333333,981,242,5.0201956582895946e-06
41.43333333333333,982,242,3.5788784202850366e-07
41.43333333333333,983,242,1.2806796421960254e-11
41.46666666666667,981,240,2.837413148881751e-07
41.46666666666667,982,240,0.00014115701196715236
41.46666666666667,983,240,0.0021016071550548077
41.46666666666667,984,240,1.9522244845373397e-35
41.46666666666667,982,241,0.08917827904224396
41.46666666666667,984,241,2.0445055270101875e-05
41.5,986,241,1.02019141501599e-35
41.53333333333333,985,240,3.880292087643511e-09
41.53333333333333,986,240,2.35527775060973e-08
41.53333333333333,987,240,1.3687172228937783e-10
41.53333333333333,988,240,1.3520096331376408e-07
41.53333333333333,985,241,0.0003826502652373165
41.53333333333333,986,241,2.2962767687317864e-08
41.53333333333333,987,241,1.6952341752585198e-07
41.53333333333333,988,241,2.024582837582256e-31
41.53333333333333,990,241,0.027559958398342133
41.53333333333333,990,242,8.011469617486e-06
41.53333333333333,991,242,2.826701290814526e-07
41.53333333333333,990,243,0.16035588085651398
41.53333333333333,991,243,2.5359248034817483e-09
41.53333333333333,990,244,0.0005640620947815478
41.53333333333333,991,244,3.513312235196624e-34
41.56666666666667,990,241,0.0002723257930483669
41.56666666666667,992,242,2.900028084695805e-05
41.6,991,240,0.001310187391936779
41.6,992,240,0.0018306269776076078
41.6,992,241,1.4064389119994303e-07
41.6,993,241,1.4097405467720173e-32
41.63333333333333,994,240,9.755686924961537e-09
41.666666666666664,994,237,4.6510153150771883e-32
41.666666666666664,994,239,0.0021886753384023905
41.7,997,239,1.0427613858182734e-33
41.7,997,240,3.507833389448933e-05
41.733333333333334,998,237,4.2103107489310787e-07
41.733333333333334,999,237,8.540589533367893e-07
41.733333333333334,998,238,2.0030164193940436e-08
41.733333333333334,999,239,0.0025382358580827713
41.8,1003,238,0.019865607842803
41.8,1004,238,2.324545889109686e-08
41.8,1003,239,1.872514985734597e-05
41.833333333333336,1004,238,0.003647270379588008
41.833333333333336,1002,239,0.03310719504952431
41.833333333333336,1003,239,7.926788043732813e-07
41.833333333333336,1009,241,0.07628113031387329
41.833333333333336,1008,242,0.0001175918077933602
41.833333333333336,1009,242,7.0111287641339e-05
41.833333333333336,1008,243,1.5807866127204306e-10
41.833333333333336,1009,243,0.17869804799556732
41.86666666666667,1004,238,1.32895578985881e-07
41.86666666666667,1006,238,2.74434430735937e-08
41.86666666666667,1007,238,0.00023472370230592787
41.86666666666667,1003,239,0.026405632495880127
41.86666666666667,1004,239,2.519516044685588e-07
41.86666666666667,1005,239,0.0011999992420896888
41.86666666666667,1006,239,6.6447450990381185e-06
41.86666666666667,1007,239,0.00030821646214462817
41.86666666666667,1005,240,0.018867479637265205
41.86666666666667,1007,240,0.24100735783576965
41.86666666666667,1009,240,0.00047239018022082746
41.86666666666667,1009,241,1.661835824506852e-08
41.86666666666667,1009,242,9.412485724169528e-07
41.86666666666667,1010,243,7.307812692444822e-32
41.9,1009,238,4.0863515349265356e-10
41.9,1011,242,0.0002275751467095688
41.93333333333333,1010,235,0.013837333768606186
41.93333333333333,1009,236,3.024385686840813e-31
41.93333333333333,1010,236,9.117879926634487e-06
41.93333333333333,1009,237,0.004112540744245052
41.93333333333333,1010,237,8.16517797375127e-07
41.93333333333333,1011,237,0.007254417985677719
41.93333333333333,1009,238,1.5235903190965443e-31
41.93333333333333,1010,238,3.0992614483693615e-05
41.93333333333333,1011,238,8.103237017026082e-35
41.96666666666667,1011,238,0.0020196903496980667
41.96666666666667,1012,238,3.344452184715077e-36
41.96666666666667,1013,238,0.0005943260039202869
41.96666666666667,1011,239,1.6905314407127538e-31
41.96666666666667,1012,239,4.18180867711726e-08
41.96666666666667,1013,239,1.0368487437517615e-06
41.96666666666667,1014,239,1.734307062406515e-07
41.96666666666667,1015,239,0.0013838085578754544
41.96666666666667,1013,240,0.26918724179267883
42.0,1015,237,0.00011755570449167863
42.0,1014,238,0.00012011413491563872
42.0,1015,238,1.3534751985844196e-07
42.0,1014,239,6.877556643303251e-06
42.0,1015,239,7.85379161243327e-05
42.0,1017,241,1.4023887160874438e-05
42.0,1017,242,0.01831819862127304
42.0,1017,243,0.37095534801483154
42.03333333333333,1015,237,1.2028808669128921e-05
42.03333333333333,1016,237,3.386575686548099e-09
42.03333333333333,1015,238,9.62923021738973e-33
42.1,150,251,0.11022172123193741
43.46666666666667,398,647,8.70582044643029e-34
43.46666666666667,399,647,0.001012288499623537
47.4,394,647,0.06546249985694885
47.4,395,647,8.178931589031291e-32
47.4,396,647,0.011889583431184292
48.56666666666667,927,473,0.2554604113101959
51.733333333333334,56,76,0.03984226658940315
52.233333333333334,684,201,0.03118615411221981
52.233333333333334,685,202,0.10675325989723206
52.233333333333334,685,203,0.09798930585384369
